Age,Attrition,DailyRate,DistanceFromHome,Education,EnvironmentSatisfaction,Gender,HourlyRate,JobInvolvement,JobLevel,JobSatisfaction,MonthlyIncome,MonthlyRate,NumCompaniesWorked,OverTime,PercentSalaryHike,PerformanceRating,RelationshipSatisfaction,StockOptionLevel,TotalWorkingYears,TrainingTimesLastYear,WorkLifeBalance,YearsAtCompany,YearsInCurrentRole,YearsSinceLastPromotion,YearsWithCurrManager,TenureRatio,IncomeVsLevelMedian,PromotionStagnation,BusinessTravel_Travel_Frequently,BusinessTravel_Travel_Rarely,Department_Research & Development,Department_Sales,EducationField_Life Sciences,EducationField_Marketing,EducationField_Medical,EducationField_Other,EducationField_Technical Degree,JobRole_Human Resources,JobRole_Laboratory Technician,JobRole_Manager,JobRole_Manufacturing Director,JobRole_Research Director,JobRole_Research Scientist,JobRole_Sales Executive,JobRole_Sales Representative,MaritalStatus_Married,MaritalStatus_Single
41,1,1102,1,2,2,0,94,3,2,4,5993,19479,8,1,11,3,1,0,8,0,1,6,4,0,5,0.75,1.1222846441947565,0.0,False,True,False,True,True,False,False,False,False,False,False,False,False,False,False,True,False,False,True
49,0,279,8,1,3,1,61,2,2,2,5130,24907,1,0,23,4,4,1,10,3,3,10,7,1,7,1.0,0.9606741573033708,0.1,True,False,True,False,True,False,False,False,False,False,False,False,False,False,True,False,False,True,False
37,1,1373,2,2,4,1,92,2,1,3,2090,2396,6,1,15,3,2,0,7,3,3,0,0,0,0,0.0,0.7827715355805244,0.0,False,True,True,False,False,False,False,True,False,False,True,False,False,False,False,False,False,False,True
33,0,1392,3,4,4,0,56,3,1,3,2909,23159,1,1,11,3,3,0,8,3,3,8,7,3,0,1.0,1.0895131086142322,0.375,True,False,True,False,True,False,False,False,False,False,False,False,False,False,True,False,False,True,False
27,0,591,2,1,1,1,40,3,1,2,3468,16632,9,0,12,3,4,1,6,3,3,2,2,2,2,0.3333333333333333,1.2988764044943821,1.0,False,True,True,False,False,False,True,False,False,False,True,False,False,False,False,False,False,True,False
32,0,1005,2,2,4,1,79,3,1,4,3068,11864,0,0,13,3,3,0,8,2,2,7,7,3,6,0.875,1.149063670411985,0.42857142857142855,True,False,True,False,True,False,False,False,False,False,True,False,False,False,False,False,False,False,True
59,0,1324,3,3,3,0,81,4,1,1,2670,9964,4,1,20,4,1,3,12,3,2,1,0,0,0,0.08333333333333333,1.0,0.0,False,True,True,False,False,False,True,False,False,False,True,False,False,False,False,False,False,True,False
30,0,1358,24,1,4,1,67,3,1,3,2693,13335,1,0,22,4,2,1,1,2,3,1,0,0,0,1.0,1.0086142322097378,0.0,False,True,True,False,True,False,False,False,False,False,True,False,False,False,False,False,False,False,False
38,0,216,23,3,4,1,44,2,3,3,9526,8787,0,0,21,4,2,0,10,2,3,9,7,1,8,0.9,0.9545090180360721,0.1111111111111111,True,False,True,False,True,False,False,False,False,False,False,False,True,False,False,False,False,False,True
36,0,1299,27,3,3,1,94,3,2,3,5237,16577,6,0,13,3,2,2,17,3,2,7,7,7,7,0.4117647058823529,0.9807116104868914,1.0,False,True,True,False,False,False,True,False,False,False,False,False,False,False,False,False,False,True,False
35,0,809,16,3,1,1,84,4,1,2,2426,16479,0,0,13,3,3,1,6,5,3,5,4,0,3,0.8333333333333334,0.9086142322097378,0.0,False,True,True,False,False,False,True,False,False,False,True,False,False,False,False,False,False,True,False
29,0,153,15,2,4,0,49,2,2,3,4193,12682,0,1,12,3,4,0,10,3,3,9,5,0,8,0.9,0.7852059925093633,0.0,False,True,True,False,True,False,False,False,False,False,True,False,False,False,False,False,False,False,True
31,0,670,26,1,1,1,31,3,1,3,2911,15170,1,0,17,3,4,1,5,1,2,5,2,4,3,1.0,1.0902621722846442,0.8,False,True,True,False,True,False,False,False,False,False,False,False,False,False,True,False,False,False,False
34,0,1346,19,2,2,1,93,3,1,4,2661,8758,0,0,11,3,3,1,3,2,3,2,2,1,2,0.6666666666666666,0.996629213483146,0.5,False,True,True,False,False,False,True,False,False,False,True,False,False,False,False,False,False,False,False
28,1,103,24,3,3,1,50,2,1,3,2028,12947,5,1,14,3,2,0,6,4,3,4,2,0,3,0.6666666666666666,0.7595505617977528,0.0,False,True,True,False,True,False,False,False,False,False,True,False,False,False,False,False,False,False,True
29,0,1389,21,4,2,0,51,4,3,1,9980,10195,1,0,11,3,3,1,10,1,3,10,9,8,8,1.0,1.0,0.8,False,True,True,False,True,False,False,False,False,False,False,False,True,False,False,False,False,False,False
32,0,334,5,2,1,1,80,4,1,2,3298,15053,0,1,12,3,4,2,7,5,2,6,2,0,5,0.8571428571428571,1.2352059925093632,0.0,False,True,True,False,True,False,False,False,False,False,False,False,False,False,True,False,False,False,False
22,0,1123,16,2,4,1,96,4,1,4,2935,7324,1,1,13,3,2,2,1,2,2,1,0,0,0,1.0,1.099250936329588,0.0,False,False,True,False,False,False,True,False,False,False,True,False,False,False,False,False,False,False,False
53,0,1219,2,4,1,0,78,2,4,4,15427,22021,2,0,16,3,3,0,31,3,3,25,8,3,7,0.8064516129032258,0.9549956667079361,0.12,False,True,False,True,True,False,False,False,False,False,False,True,False,False,False,False,False,True,False
38,0,371,2,3,4,1,45,3,1,4,3944,4306,5,1,11,3,3,0,6,3,3,3,2,1,2,0.5,1.4771535580524344,0.3333333333333333,False,True,True,False,True,False,False,False,False,False,False,False,False,False,True,False,False,False,True
24,0,673,11,2,1,0,96,4,2,3,4011,8232,0,0,18,3,4,1,5,5,2,4,2,1,3,0.8,0.751123595505618,0.25,False,False,True,False,False,False,False,True,False,False,False,False,True,False,False,False,False,False,False
36,1,1218,9,4,3,1,82,2,1,1,3407,6986,7,0,23,4,2,0,10,4,3,5,3,0,3,0.5,1.2760299625468166,0.0,False,True,False,True,True,False,False,False,False,False,False,False,False,False,False,False,True,False,True
34,0,419,7,4,1,0,53,3,3,2,11994,21293,0,0,11,3,3,0,13,4,3,12,6,2,11,0.9230769230769231,1.201803607214429,0.16666666666666666,False,True,True,False,True,False,False,False,False,False,False,False,False,True,False,False,False,False,True
21,0,391,15,2,3,1,96,3,1,4,1232,19281,1,0,14,3,4,0,0,6,3,0,0,0,0,0.0,0.46142322097378274,0.0,False,True,True,False,True,False,False,False,False,False,False,False,False,False,True,False,False,False,True
34,1,699,6,1,2,1,83,3,1,1,2960,17102,2,0,11,3,3,0,8,2,3,4,2,1,3,0.5,1.1086142322097379,0.25,False,True,True,False,False,False,True,False,False,False,False,False,False,False,True,False,False,False,True
53,0,1282,5,3,3,0,58,3,5,3,19094,10735,4,0,11,3,4,1,26,3,2,14,13,4,8,0.5384615384615384,0.9928244592346089,0.2857142857142857,False,True,True,False,False,False,False,True,False,False,False,True,False,False,False,False,False,False,False
32,1,1125,16,1,2,0,72,1,1,1,3919,4681,1,1,22,4,2,0,10,5,3,10,2,6,7,1.0,1.4677902621722847,0.6,True,False,True,False,True,False,False,False,False,False,False,False,False,False,True,False,False,False,True
42,0,691,8,4,3,1,48,3,2,2,6825,21173,0,0,11,3,4,1,10,2,3,9,7,4,2,0.9,1.2780898876404494,0.4444444444444444,False,True,False,True,False,True,False,False,False,False,False,False,False,False,False,True,False,True,False
44,0,477,7,4,1,0,42,2,3,4,10248,2094,3,0,14,3,4,1,24,4,3,22,6,5,17,0.9166666666666666,1.0268537074148296,0.22727272727272727,False,True,True,False,False,False,True,False,False,False,False,False,False,False,False,False,False,True,False
46,0,705,2,4,2,0,83,3,5,1,18947,22822,3,0,12,3,4,0,22,2,2,2,2,2,1,0.09090909090909091,0.9851809484193012,1.0,False,True,False,True,False,True,False,False,False,False,False,True,False,False,False,False,False,False,True
33,0,924,2,3,3,1,78,3,1,4,2496,6670,4,0,11,3,4,0,7,3,3,1,1,0,0,0.14285714285714285,0.9348314606741573,0.0,False,True,True,False,False,False,True,False,False,False,True,False,False,False,False,False,False,False,True
44,0,1459,10,4,4,1,41,3,2,4,6465,19121,2,1,13,3,4,0,9,5,4,4,2,1,3,0.4444444444444444,1.2106741573033708,0.25,False,True,True,False,False,False,False,True,False,False,False,False,False,False,False,False,False,True,False
30,0,125,9,2,4,1,83,2,1,3,2206,16117,1,0,13,3,1,0,10,5,3,10,0,1,8,1.0,0.8262172284644195,0.1,False,True,True,False,False,False,True,False,False,False,True,False,False,False,False,False,False,False,True
39,1,895,5,3,4,1,56,3,2,4,2086,3335,3,0,14,3,3,1,19,6,4,1,0,0,0,0.05263157894736842,0.3906367041198502,0.0,False,True,False,True,False,False,False,False,True,False,False,False,False,False,False,False,True,True,False
24,1,813,1,3,2,1,61,3,1,4,2293,3020,2,1,16,3,1,1,6,2,2,2,0,2,0,0.3333333333333333,0.8588014981273409,1.0,False,True,True,False,False,False,True,False,False,False,False,False,False,False,True,False,False,True,False
43,0,1273,2,2,4,0,72,4,1,3,2645,21923,1,0,12,3,4,2,6,3,2,5,3,1,4,0.8333333333333334,0.9906367041198502,0.2,False,True,True,False,False,False,True,False,False,False,False,False,False,False,True,False,False,False,False
50,1,869,3,2,1,1,86,2,1,3,2683,3810,1,1,14,3,3,0,3,2,3,3,2,0,2,1.0,1.0048689138576778,0.0,False,True,False,True,False,True,False,False,False,False,False,False,False,False,False,False,True,True,False
35,0,890,2,3,4,0,97,3,1,4,2014,9687,1,0,13,3,1,0,2,3,3,2,2,2,2,1.0,0.7543071161048689,1.0,False,True,False,True,False,True,False,False,False,False,False,False,False,False,False,False,True,True,False
36,0,852,5,4,2,0,82,2,1,1,3419,13072,9,1,14,3,4,1,6,3,4,1,1,0,0,0.16666666666666666,1.2805243445692884,0.0,False,True,True,False,True,False,False,False,False,False,False,False,False,False,True,False,False,True,False
33,0,1141,1,3,3,0,42,4,2,1,5376,3193,2,0,19,3,1,2,10,3,3,5,3,1,3,0.5,1.006741573033708,0.2,True,False,False,True,True,False,False,False,False,False,False,False,False,False,False,True,False,True,False
35,0,464,4,2,3,1,75,3,1,4,1951,10910,1,0,12,3,3,1,1,3,3,1,0,0,0,1.0,0.7307116104868914,0.0,False,True,True,False,False,False,False,True,False,False,True,False,False,False,False,False,False,False,False
27,0,1240,2,4,4,0,33,3,1,1,2341,19715,1,0,13,3,4,1,1,6,3,1,0,0,0,1.0,0.8767790262172285,0.0,False,True,True,False,True,False,False,False,False,False,True,False,False,False,False,False,False,False,False
26,1,1357,25,3,1,1,48,1,1,3,2293,10558,1,0,12,3,3,0,1,2,2,1,0,0,1,1.0,0.8588014981273409,0.0,False,True,True,False,True,False,False,False,False,False,True,False,False,False,False,False,False,False,True
27,0,994,8,3,4,1,37,3,3,3,8726,2975,1,0,15,3,4,0,9,0,3,9,8,1,7,1.0,0.8743486973947896,0.1111111111111111,True,False,False,True,True,False,False,False,False,False,False,False,False,False,False,True,False,False,True
30,0,721,1,2,3,0,58,3,2,4,4011,10781,1,0,23,4,4,0,12,2,3,12,8,3,7,1.0,0.751123595505618,0.25,True,False,True,False,False,False,True,False,False,False,True,False,False,False,False,False,False,False,True
41,1,1360,12,3,2,0,49,3,5,3,19545,16280,1,0,12,3,4,0,23,0,3,22,15,15,8,0.9565217391304348,1.0162749584026622,0.6818181818181818,False,True,True,False,False,False,False,False,True,False,False,False,False,True,False,False,False,True,False
34,0,1065,23,4,2,1,72,3,2,3,4568,10034,0,0,20,4,3,0,10,2,3,9,5,8,7,0.9,0.8554307116104869,0.8888888888888888,False,False,False,True,False,True,False,False,False,False,False,False,False,False,False,True,False,False,True
37,0,408,19,2,2,1,73,3,1,2,3022,10227,4,0,21,4,1,0,8,1,3,1,0,0,0,0.125,1.1318352059925094,0.0,False,True,True,False,True,False,False,False,False,False,False,False,False,False,True,False,False,True,False
46,0,1211,5,4,1,1,98,3,2,4,5772,20445,4,1,21,4,3,0,14,4,3,9,6,0,8,0.6428571428571429,1.0808988764044944,0.0,True,False,False,True,False,True,False,False,False,False,False,False,False,False,False,True,False,False,True
35,0,1229,8,1,4,1,36,4,1,4,2269,4892,1,0,19,3,4,0,1,2,3,1,0,0,1,1.0,0.849812734082397,0.0,False,True,True,False,True,False,False,False,False,False,True,False,False,False,False,False,False,True,False
48,1,626,1,2,1,1,98,2,3,3,5381,19294,9,1,13,3,4,0,23,2,3,1,0,0,0,0.043478260869565216,0.5391783567134268,0.0,False,True,True,False,True,False,False,False,False,False,True,False,False,False,False,False,False,False,True
28,1,1434,5,4,3,1,50,3,1,3,3441,11179,1,1,13,3,3,0,2,3,2,2,2,2,2,1.0,1.2887640449438202,1.0,False,True,True,False,False,False,False,False,True,False,True,False,False,False,False,False,False,False,True
44,0,1488,1,5,2,0,75,3,2,1,5454,4009,5,1,21,4,3,1,9,2,2,4,3,1,3,0.4444444444444444,1.0213483146067415,0.25,False,True,False,True,False,True,False,False,False,False,False,False,False,False,False,True,False,False,False
35,0,1097,11,2,3,1,79,2,3,1,9884,8302,2,1,13,3,3,1,10,3,3,4,0,2,3,0.4,0.9903807615230461,0.5,False,False,True,False,False,False,True,False,False,False,False,False,False,False,False,False,False,True,False
26,0,1443,23,3,3,0,47,2,2,4,4157,21436,7,1,19,3,3,1,5,2,2,2,2,0,0,0.4,0.7784644194756555,0.0,False,True,False,True,False,True,False,False,False,False,False,False,False,False,False,True,False,True,False
33,0,515,1,2,1,0,98,3,3,4,13458,15146,1,1,12,3,3,0,15,1,3,15,14,8,12,1.0,1.3484969939879758,0.5333333333333333,True,False,True,False,True,False,False,False,False,False,False,False,False,True,False,False,False,False,True
35,0,853,18,5,2,1,71,3,3,1,9069,11031,1,0,22,4,4,1,9,3,2,9,8,1,8,1.0,0.9087174348697394,0.1111111111111111,True,False,False,True,True,False,False,False,False,False,False,False,False,False,False,True,False,True,False
35,0,1142,23,4,3,0,30,3,1,1,4014,16002,3,1,15,3,3,1,4,3,3,2,2,2,2,0.5,1.503370786516854,1.0,False,True,True,False,False,False,True,False,False,False,True,False,False,False,False,False,False,True,False
31,0,655,7,4,4,1,48,3,2,4,5915,9528,3,0,22,4,4,1,10,3,2,7,7,1,7,0.7,1.107677902621723,0.14285714285714285,False,True,True,False,True,False,False,False,False,False,True,False,False,False,False,False,False,False,False
37,0,1115,1,4,1,1,51,2,2,3,5993,2689,1,0,18,3,3,1,7,2,4,7,5,0,7,1.0,1.1222846441947565,0.0,False,True,True,False,True,False,False,False,False,False,False,False,True,False,False,False,False,False,False
32,0,427,1,3,1,1,33,3,2,4,6162,10877,1,1,22,4,2,1,9,3,3,9,8,7,8,1.0,1.1539325842696628,0.7777777777777778,False,True,True,False,False,False,True,False,False,False,False,False,True,False,False,False,False,True,False
38,0,653,29,5,4,0,50,3,2,4,2406,5456,1,0,11,3,4,0,10,2,3,10,3,9,9,1.0,0.45056179775280897,0.9,True,False,True,False,True,False,False,False,False,False,True,False,False,False,False,False,False,False,True
50,0,989,7,2,2,0,43,2,5,3,18740,16701,5,1,12,3,4,1,29,2,2,27,3,13,8,0.9310344827586207,0.9744176372712147,0.48148148148148145,False,True,True,False,False,False,True,False,False,False,False,False,False,True,False,False,False,False,False
59,0,1435,25,3,1,0,99,3,3,1,7637,2354,7,0,11,3,4,0,28,3,2,21,16,7,9,0.75,0.7652304609218437,0.3333333333333333,False,True,False,True,True,False,False,False,False,False,False,False,False,False,False,True,False,False,True
36,0,1223,8,3,3,0,59,3,3,3,10096,8202,1,0,13,3,2,3,17,2,3,17,14,12,8,1.0,1.011623246492986,0.7058823529411765,False,True,True,False,False,False,False,False,True,False,False,False,False,False,False,False,False,False,False
55,0,836,8,3,4,0,33,3,4,3,14756,19730,2,1,14,3,3,3,21,2,3,5,0,0,2,0.23809523809523808,0.9134579670669803,0.0,False,True,True,False,False,False,True,False,False,False,False,True,False,False,False,False,False,False,False
36,0,1195,11,3,2,1,95,2,2,2,6499,22656,1,0,13,3,3,0,6,3,3,6,5,0,3,1.0,1.2170411985018728,0.0,True,False,True,False,True,False,False,False,False,False,False,False,True,False,False,False,False,False,True
45,0,1339,7,3,2,1,59,3,3,1,9724,18787,2,0,17,3,3,1,25,2,3,1,0,0,0,0.04,0.9743486973947896,0.0,False,True,True,False,True,False,False,False,False,False,False,False,False,False,True,False,False,False,False
35,0,664,1,3,2,1,79,3,1,1,2194,5868,4,0,13,3,4,1,5,2,2,3,2,1,2,0.6,0.8217228464419476,0.3333333333333333,True,False,True,False,False,False,True,False,False,False,False,False,False,False,True,False,False,True,False
36,1,318,9,3,4,1,79,2,1,3,3388,21777,0,1,17,3,1,1,2,0,2,1,0,0,0,0.5,1.2689138576779027,0.0,False,True,True,False,False,False,True,False,False,False,False,False,False,False,True,False,False,True,False
59,0,1225,1,1,1,0,57,2,2,3,5473,24668,7,0,11,3,4,0,20,2,2,4,3,1,3,0.2,1.0249063670411984,0.25,True,False,False,True,True,False,False,False,False,False,False,False,False,False,False,True,False,False,True
29,0,1328,2,3,3,1,76,3,1,2,2703,4956,0,0,23,4,4,1,6,3,3,5,4,0,4,0.8333333333333334,1.0123595505617977,0.0,False,True,True,False,True,False,False,False,False,False,False,False,False,False,True,False,False,True,False
31,0,1082,1,4,3,1,87,3,1,2,2501,18775,1,0,17,3,2,0,1,4,3,1,1,1,0,1.0,0.9367041198501873,1.0,False,True,True,False,False,False,True,False,False,False,False,False,False,False,True,False,False,False,True
32,0,548,1,3,2,1,66,3,2,2,6220,7346,1,0,17,3,2,2,10,3,3,10,4,0,9,1.0,1.1647940074906367,0.0,False,True,True,False,True,False,False,False,False,False,False,False,False,False,True,False,False,True,False
36,0,132,6,3,2,0,55,4,1,4,3038,22002,3,0,12,3,2,0,5,3,3,1,0,0,0,0.2,1.1378277153558052,0.0,False,True,True,False,True,False,False,False,False,False,True,False,False,False,False,False,False,True,False
31,0,746,8,4,3,0,61,3,2,4,4424,20682,1,0,23,4,4,0,11,2,3,11,7,1,8,1.0,0.8284644194756554,0.09090909090909091,False,True,True,False,True,False,False,False,False,False,False,False,True,False,False,False,False,False,True
35,0,776,1,4,3,1,32,2,2,1,4312,23016,0,0,14,3,2,0,16,2,3,15,13,2,8,0.9375,0.8074906367041198,0.13333333333333333,False,True,False,True,False,True,False,False,False,False,False,False,False,False,False,True,False,False,True
45,0,193,6,4,4,1,52,3,3,1,13245,15067,4,1,14,3,2,0,17,3,4,0,0,0,0,0.0,1.3271543086172344,0.0,False,True,True,False,False,False,False,True,False,False,False,False,False,True,False,False,False,True,False
37,0,397,7,4,1,1,30,3,3,3,13664,25258,4,0,13,3,1,0,16,3,4,5,2,0,2,0.3125,1.3691382765531062,0.0,False,True,True,False,False,False,True,False,False,False,False,False,False,True,False,False,False,False,True
46,0,945,5,2,2,1,80,3,2,2,5021,10425,8,1,22,4,4,1,16,2,3,4,2,0,2,0.25,0.9402621722846441,0.0,False,True,False,False,False,False,True,False,False,True,False,False,False,False,False,False,False,False,False
30,0,852,1,1,4,1,55,2,2,4,5126,15998,1,1,12,3,3,2,10,1,2,10,8,3,0,1.0,0.9599250936329587,0.3,False,True,True,False,True,False,False,False,False,False,True,False,False,False,False,False,False,True,False
35,0,1214,1,3,2,1,30,2,1,3,2859,26278,1,0,18,3,1,0,6,3,3,6,4,0,4,1.0,1.0707865168539326,0.0,False,True,True,False,False,False,True,False,False,False,False,False,False,False,True,False,False,False,True
55,0,111,1,2,1,1,70,3,3,4,10239,18092,3,0,14,3,4,1,24,4,3,1,0,1,0,0.041666666666666664,1.0259519038076153,1.0,False,True,False,True,True,False,False,False,False,False,False,False,False,False,False,True,False,True,False
38,0,573,6,3,2,0,79,1,2,4,5329,15717,7,1,12,3,4,3,17,3,3,13,11,1,9,0.7647058823529411,0.997940074906367,0.07692307692307693,False,False,True,False,False,False,True,False,False,False,False,False,False,False,True,False,False,False,False
34,0,1153,1,2,1,1,94,3,2,2,4325,17736,1,0,15,3,3,0,5,2,3,5,2,1,3,1.0,0.8099250936329588,0.2,False,True,True,False,False,False,True,False,False,False,False,False,True,False,False,False,False,True,False
56,0,1400,7,3,4,1,49,1,3,4,7260,21698,4,0,11,3,1,0,37,3,2,6,4,0,2,0.16216216216216217,0.7274549098196392,0.0,False,True,True,False,True,False,False,False,False,False,False,False,True,False,False,False,False,False,True
23,0,541,2,1,3,1,62,3,1,1,2322,9518,3,0,13,3,3,1,3,3,3,0,0,0,0,0.0,0.8696629213483146,0.0,False,True,False,True,False,False,False,False,True,False,False,False,False,False,False,False,True,False,False
51,0,432,9,4,4,1,96,3,1,4,2075,18725,3,0,23,4,2,2,10,4,3,4,2,0,3,0.4,0.7771535580524345,0.0,False,True,True,False,True,False,False,False,False,False,True,False,False,False,False,False,False,True,False
30,0,288,2,3,3,1,99,2,2,4,4152,15830,1,0,19,3,1,3,11,3,3,11,10,10,8,1.0,0.7775280898876404,0.9090909090909091,False,True,True,False,True,False,False,False,False,False,False,False,False,False,False,False,False,True,False
46,1,669,9,2,3,1,64,2,3,4,9619,13596,1,0,16,3,4,0,9,3,3,9,8,4,7,1.0,0.9638276553106212,0.4444444444444444,False,True,False,True,False,False,True,False,False,False,False,False,False,False,False,True,False,False,True
40,0,530,1,4,3,1,78,2,4,2,13503,14115,1,0,22,4,4,1,22,3,2,22,3,11,11,1.0,0.8358920391234369,0.5,True,False,True,False,True,False,False,False,False,False,False,False,False,False,False,False,False,True,False
51,0,632,21,4,3,1,71,3,2,4,5441,8423,0,1,22,4,4,0,11,2,1,10,7,1,0,0.9090909090909091,1.0189138576779027,0.1,False,True,False,True,False,True,False,False,False,False,False,False,False,False,False,True,False,False,True
30,0,1334,4,2,3,0,63,2,2,2,5209,19760,1,1,12,3,2,3,11,4,2,11,8,2,7,1.0,0.9754681647940074,0.18181818181818182,False,True,False,True,False,False,True,False,False,False,False,False,False,False,False,True,False,False,False
46,0,638,1,3,3,1,40,2,3,1,10673,3142,2,1,13,3,3,1,21,5,2,10,9,9,5,0.47619047619047616,1.069438877755511,0.9,True,False,True,False,False,False,True,False,False,False,False,False,False,False,False,False,False,True,False
32,0,1093,6,4,2,1,87,3,2,3,5010,24301,1,0,16,3,1,0,12,0,3,11,8,5,7,0.9166666666666666,0.9382022471910112,0.45454545454545453,False,True,False,True,False,False,True,False,False,False,False,False,False,False,False,True,False,False,True
54,0,1217,2,4,1,0,60,3,3,3,13549,24001,9,0,12,3,1,1,16,5,1,4,3,0,3,0.25,1.357615230460922,0.0,False,True,True,False,False,False,False,False,True,False,False,False,False,True,False,False,False,True,False
24,0,1353,3,2,1,0,33,3,2,3,4999,17519,0,0,21,4,1,1,4,2,2,3,2,0,2,0.75,0.9361423220973782,0.0,False,True,False,True,False,False,False,True,False,False,False,False,False,False,False,True,False,True,False
28,0,120,4,3,2,1,43,3,2,3,4221,8863,1,0,15,3,2,0,5,3,4,5,4,0,4,1.0,0.7904494382022472,0.0,False,False,False,True,False,False,True,False,False,False,False,False,False,False,False,True,False,True,False
58,0,682,10,4,4,1,37,3,4,3,13872,24409,0,0,13,3,3,0,38,1,2,37,10,1,8,0.9736842105263158,0.8587346787173455,0.02702702702702703,False,True,False,True,False,False,True,False,False,False,False,False,False,False,False,True,False,False,True
44,0,489,23,3,2,1,67,3,2,2,2042,25043,4,0,12,3,3,1,17,3,4,3,2,1,2,0.17647058823529413,0.3823970037453184,0.3333333333333333,False,False,True,False,False,False,True,False,False,False,True,False,False,False,False,False,False,True,False
37,1,807,6,4,3,1,63,3,1,1,2073,23648,4,1,22,4,4,0,7,3,3,3,2,0,2,0.42857142857142855,0.7764044943820225,0.0,False,True,False,False,False,False,False,False,False,True,False,False,False,False,False,False,False,False,False
32,0,827,1,1,4,1,71,3,1,1,2956,15178,1,0,13,3,4,0,1,2,3,1,0,0,0,1.0,1.1071161048689138,0.0,False,True,True,False,True,False,False,False,False,False,False,False,False,False,True,False,False,False,True
20,1,871,6,3,4,0,66,2,1,4,2926,19783,1,1,18,3,2,0,1,5,3,1,0,1,0,1.0,1.0958801498127342,1.0,True,False,True,False,True,False,False,False,False,False,True,False,False,False,False,False,False,False,True
34,0,665,6,4,1,0,41,3,2,3,4809,12482,1,0,14,3,3,0,16,3,3,16,13,2,10,1.0,0.900561797752809,0.125,False,True,True,False,False,False,False,True,False,False,False,False,False,False,True,False,False,False,True
37,0,1040,2,2,3,1,100,2,2,4,5163,15850,5,0,14,3,4,1,17,2,4,1,0,0,0,0.058823529411764705,0.9668539325842697,0.0,False,False,True,False,True,False,False,False,False,False,False,False,False,False,False,False,False,False,False
59,0,1420,2,4,3,0,32,2,5,4,18844,21922,9,0,21,4,4,1,30,3,3,3,2,2,2,0.1,0.9798252911813644,0.6666666666666666,False,False,False,False,False,False,False,False,False,False,False,True,False,False,False,False,False,True,False
50,0,1115,1,3,1,0,73,3,5,2,18172,9755,3,1,19,3,1,0,28,1,2,8,3,0,7,0.2857142857142857,0.944883527454243,0.0,True,False,True,False,True,False,False,False,False,False,False,False,False,True,False,False,False,True,False
25,1,240,5,3,3,1,46,2,2,3,5744,26959,1,1,11,3,4,0,6,1,3,6,4,0,3,1.0,1.0756554307116104,0.0,False,True,False,True,False,True,False,False,False,False,False,False,False,False,False,True,False,False,True
25,0,1280,7,1,4,1,64,2,1,4,2889,26897,1,0,11,3,3,2,2,2,3,2,2,2,1,1.0,1.0820224719101124,1.0,False,True,True,False,False,False,True,False,False,False,False,False,False,False,True,False,False,True,False
22,0,534,15,3,2,0,59,3,1,4,2871,23785,1,0,15,3,3,0,1,5,3,0,0,0,0,0.0,1.0752808988764044,0.0,False,True,True,False,False,False,True,False,False,False,True,False,False,False,False,False,False,False,True
51,0,1456,1,4,1,0,30,2,3,1,7484,25796,3,0,20,4,3,0,23,1,2,13,12,12,8,0.5652173913043478,0.7498997995991984,0.9230769230769231,True,False,True,False,False,False,True,False,False,False,False,False,False,False,False,False,False,False,True
34,1,658,7,3,1,1,66,1,2,3,6074,22887,1,1,24,4,4,0,9,3,3,9,7,0,6,1.0,1.1374531835205992,0.0,True,False,True,False,True,False,False,False,False,False,True,False,False,False,False,False,False,False,True
54,0,142,26,3,4,0,30,4,4,4,17328,13871,2,1,12,3,3,0,23,3,3,5,3,4,4,0.21739130434782608,1.0726754983285873,0.8,False,False,False,False,False,False,False,False,False,False,False,True,False,False,False,False,False,False,True
24,0,1127,18,1,2,1,52,3,1,3,2774,13257,0,0,12,3,3,1,6,2,3,5,3,1,2,0.8333333333333334,1.0389513108614232,0.2,False,True,True,False,True,False,False,False,False,False,True,False,False,False,False,False,False,True,False
34,0,1031,6,4,3,0,45,2,2,2,4505,15000,6,0,15,3,3,1,12,3,3,1,0,0,0,0.08333333333333333,0.8436329588014981,0.0,False,True,True,False,True,False,False,False,False,False,False,False,False,False,True,False,False,False,False
37,0,1189,3,3,3,1,87,3,3,4,7428,14506,2,0,12,3,1,0,12,3,3,5,3,1,3,0.4166666666666667,0.7442885771543086,0.2,False,True,False,True,True,False,False,False,False,False,False,False,False,False,False,True,False,False,True
34,0,1354,5,3,3,0,45,2,3,1,11631,5615,2,0,12,3,4,0,14,6,3,11,10,5,8,0.7857142857142857,1.1654308617234468,0.45454545454545453,False,True,True,False,False,False,True,False,False,False,False,True,False,False,False,False,False,False,True
36,0,1467,11,2,2,0,92,3,3,4,9738,22952,0,0,14,3,3,1,10,6,3,9,7,2,8,0.9,0.975751503006012,0.2222222222222222,True,False,False,True,False,False,False,False,True,False,False,False,False,False,False,True,False,True,False
36,0,922,3,2,1,0,39,3,1,4,2835,2561,5,0,22,4,1,1,7,2,3,1,0,0,0,0.14285714285714285,1.0617977528089888,0.0,False,True,True,False,True,False,False,False,False,False,True,False,False,False,False,False,False,False,False
43,0,394,26,2,3,1,92,3,4,4,16959,19494,1,1,12,3,4,2,25,3,4,25,12,4,12,1.0,1.0498328587346788,0.16,True,False,False,True,True,False,False,False,False,False,False,True,False,False,False,False,False,True,False
30,0,1312,23,3,1,1,96,1,1,3,2613,22310,1,0,25,4,3,3,10,2,2,10,7,0,9,1.0,0.9786516853932584,0.0,True,False,True,False,True,False,False,False,False,False,False,False,False,False,True,False,False,False,False
33,0,750,22,2,3,1,95,3,2,2,6146,15480,0,0,13,3,1,1,8,2,4,7,7,0,7,0.875,1.150936329588015,0.0,False,False,False,True,False,True,False,False,False,False,False,False,False,False,False,True,False,True,False
56,1,441,14,4,2,0,72,3,1,2,4963,4510,9,1,18,3,1,3,7,2,3,5,4,4,3,0.7142857142857143,1.8588014981273409,0.8,False,True,True,False,True,False,False,False,False,False,False,False,False,False,True,False,False,True,False
51,0,684,6,3,1,1,51,3,5,3,19537,6462,7,0,13,3,3,0,23,5,3,20,18,15,15,0.8695652173913043,1.0158589850249584,0.75,False,True,True,False,True,False,False,False,False,False,False,False,False,True,False,False,False,False,True
31,1,249,6,4,2,1,76,1,2,3,6172,20739,4,1,18,3,2,0,12,3,2,7,7,7,7,0.5833333333333334,1.155805243445693,1.0,False,True,False,True,True,False,False,False,False,False,False,False,False,False,False,True,False,True,False
26,0,841,6,3,3,0,46,2,1,2,2368,23300,1,0,19,3,3,0,5,3,2,5,4,4,3,1.0,0.8868913857677903,0.8,False,True,True,False,False,False,False,True,False,False,False,False,False,False,True,False,False,True,False
58,1,147,23,4,4,0,94,3,3,4,10312,3465,1,0,12,3,4,1,40,3,2,40,10,15,6,1.0,1.0332665330661324,0.375,False,True,True,False,False,False,True,False,False,False,False,False,False,False,False,False,False,True,False
19,1,528,22,1,4,1,50,3,1,3,1675,26820,1,1,19,3,4,0,0,2,2,0,0,0,0,0.0,0.6273408239700374,0.0,False,True,False,True,False,True,False,False,False,False,False,False,False,False,False,False,True,False,True
22,0,594,2,1,3,1,100,3,1,4,2523,19299,0,0,14,3,3,1,3,2,3,2,1,2,1,0.6666666666666666,0.9449438202247191,1.0,False,True,True,False,False,False,False,False,True,False,True,False,False,False,False,False,False,True,False
49,0,470,20,4,3,0,96,3,2,1,6567,5549,1,0,14,3,3,0,16,2,2,15,11,5,11,0.9375,1.2297752808988764,0.3333333333333333,False,True,True,False,False,False,True,False,False,False,False,False,True,False,False,False,False,True,False
43,0,957,28,3,2,0,72,4,1,3,4739,16090,4,0,12,3,4,0,18,2,3,3,2,1,2,0.16666666666666666,1.7749063670411984,0.3333333333333333,True,False,True,False,False,False,True,False,False,False,False,False,False,False,True,False,False,False,True
50,0,809,12,3,3,0,77,3,3,4,9208,6645,4,0,11,3,4,0,16,3,3,2,2,2,1,0.125,0.9226452905811623,1.0,True,False,False,True,False,True,False,False,False,False,False,False,False,False,False,True,False,False,True
31,1,542,20,3,2,0,71,1,2,3,4559,24788,3,1,11,3,3,1,4,2,3,2,2,2,2,0.5,0.8537453183520599,1.0,False,True,False,True,True,False,False,False,False,False,False,False,False,False,False,True,False,True,False
41,0,802,9,1,3,1,96,3,3,3,8189,21196,3,1,13,3,3,1,12,2,3,9,7,0,7,0.75,0.8205410821643286,0.0,False,True,False,True,True,False,False,False,False,False,False,False,False,False,False,True,False,False,False
26,0,1355,25,1,3,0,61,3,1,3,2942,8916,1,0,23,4,4,1,8,3,3,8,7,5,7,1.0,1.10187265917603,0.625,False,True,False,False,True,False,False,False,False,True,False,False,False,False,False,False,False,True,False
36,0,216,6,2,2,1,84,3,2,2,4941,2819,6,0,20,4,4,2,7,0,3,3,2,0,1,0.42857142857142855,0.9252808988764045,0.0,False,True,True,False,False,False,True,False,False,False,False,False,True,False,False,False,False,False,False
51,1,1150,8,4,1,1,53,1,3,4,10650,25150,2,0,15,3,4,0,18,2,3,4,2,0,3,0.2222222222222222,1.0671342685370742,0.0,True,False,True,False,True,False,False,False,False,False,False,False,True,False,False,False,False,False,True
39,0,1329,4,4,4,0,47,2,2,3,5902,14590,4,0,14,3,3,1,17,1,4,15,11,5,9,0.8823529411764706,1.105243445692884,0.3333333333333333,False,True,False,True,True,False,False,False,False,False,False,False,False,False,False,True,False,True,False
25,0,959,28,3,1,1,41,2,2,3,8639,24835,2,0,18,3,4,0,6,3,3,2,2,2,2,0.3333333333333333,1.6177902621722846,1.0,False,True,False,True,True,False,False,False,False,False,False,False,False,False,False,True,False,True,False
30,0,1240,9,3,3,1,48,3,2,4,6347,13982,0,1,19,3,4,0,12,2,1,11,9,4,7,0.9166666666666666,1.1885767790262172,0.36363636363636365,False,True,False,False,False,False,False,False,False,True,False,False,False,False,False,False,False,True,False
32,1,1033,9,3,1,0,41,3,1,1,4200,10224,7,0,22,4,1,0,10,2,4,5,4,0,4,0.5,1.5730337078651686,0.0,False,True,True,False,False,False,True,False,False,False,True,False,False,False,False,False,False,False,True
45,0,1316,29,3,3,1,83,3,1,4,3452,9752,5,0,13,3,2,0,9,2,2,6,5,0,3,0.6666666666666666,1.2928838951310861,0.0,False,True,True,False,False,False,True,False,False,False,False,False,False,False,True,False,False,False,True
38,0,364,3,5,4,0,32,3,2,3,4317,2302,3,1,20,4,2,0,19,2,3,3,2,2,2,0.15789473684210525,0.8084269662921348,0.6666666666666666,False,True,True,False,False,False,False,False,True,False,False,False,False,False,True,False,False,False,True
30,0,438,18,3,1,0,75,3,1,3,2632,23910,1,0,14,3,3,0,5,4,2,5,4,0,4,1.0,0.9857677902621723,0.0,False,True,True,False,True,False,False,False,False,False,False,False,False,False,True,False,False,False,True
32,0,689,9,2,4,1,35,1,2,4,4668,22812,0,0,17,3,4,3,9,2,4,8,7,0,7,0.8888888888888888,0.8741573033707866,0.0,True,False,False,True,False,False,True,False,False,False,False,False,False,False,False,True,False,False,False
30,0,201,5,3,4,0,84,3,1,1,3204,10415,5,0,14,3,4,1,8,3,3,3,2,2,2,0.375,1.2,0.6666666666666666,False,True,True,False,False,False,False,False,True,False,False,False,False,False,True,False,False,False,False
30,0,1427,2,1,2,1,35,2,1,4,2720,11162,0,0,13,3,4,0,6,3,3,5,3,1,2,0.8333333333333334,1.0187265917602997,0.2,False,True,True,False,False,False,True,False,False,False,True,False,False,False,False,False,False,False,True
41,0,857,10,3,4,1,91,2,4,1,17181,12888,4,0,13,3,2,1,21,2,2,7,6,7,7,0.3333333333333333,1.0635755849944286,1.0,True,False,True,False,True,False,False,False,False,False,False,True,False,False,False,False,False,False,False
41,0,933,9,4,3,1,94,3,1,1,2238,6961,2,0,21,4,4,1,7,2,3,5,0,1,4,0.7142857142857143,0.8382022471910112,0.2,False,True,True,False,True,False,False,False,False,False,True,False,False,False,False,False,False,True,False
19,0,1181,3,1,2,0,79,3,1,2,1483,16102,1,0,14,3,4,0,1,3,3,1,0,0,0,1.0,0.5554307116104868,0.0,False,True,True,False,False,False,True,False,False,False,True,False,False,False,False,False,False,False,True
40,0,1395,26,3,2,0,54,3,2,2,5605,8504,1,0,11,3,1,1,20,2,3,20,7,2,13,1.0,1.049625468164794,0.1,True,False,True,False,False,False,True,False,False,False,False,False,False,False,True,False,False,False,False
35,0,662,1,5,3,1,94,3,3,2,7295,11439,1,0,13,3,1,2,10,3,3,10,8,0,6,1.0,0.7309619238476954,0.0,False,True,False,True,False,True,False,False,False,False,False,False,False,False,False,True,False,True,False
53,0,1436,6,2,2,1,34,3,2,3,2306,16047,2,1,20,4,4,1,13,3,1,7,7,4,5,0.5384615384615384,0.43183520599250935,0.5714285714285714,False,True,False,True,False,True,False,False,False,False,False,False,False,False,False,False,True,True,False
45,0,194,9,3,2,1,60,3,2,2,2348,10901,8,0,18,3,3,1,20,2,1,17,9,0,15,0.85,0.4397003745318352,0.0,False,True,True,False,True,False,False,False,False,False,True,False,False,False,False,False,False,False,False
32,0,967,8,3,2,0,43,3,3,4,8998,15589,1,0,14,3,4,0,9,2,3,9,8,3,7,1.0,0.9016032064128257,0.3333333333333333,True,False,False,True,False,True,False,False,False,False,False,False,False,False,False,True,False,False,True
29,0,1496,1,1,4,1,41,3,2,3,4319,26283,1,0,13,3,1,1,10,1,3,10,7,0,9,1.0,0.8088014981273408,0.0,False,False,True,False,False,False,False,False,True,False,False,False,True,False,False,False,False,True,False
51,0,1169,7,4,2,1,34,2,2,3,6132,13983,2,0,17,3,3,0,10,2,3,1,0,0,0,0.1,1.148314606741573,0.0,False,True,True,False,False,False,True,False,False,False,False,False,True,False,False,False,False,True,False
58,0,1145,9,3,2,0,75,2,1,2,3346,11873,4,1,20,4,2,1,9,3,2,1,0,0,0,0.1111111111111111,1.253183520599251,0.0,False,True,True,False,False,False,True,False,False,False,False,False,False,False,True,False,False,True,False
40,0,630,4,4,3,1,67,2,3,4,10855,8552,7,0,11,3,1,1,15,2,2,12,11,2,11,0.8,1.0876753507014028,0.16666666666666666,False,True,False,True,False,True,False,False,False,False,False,False,False,False,False,True,False,True,False
34,0,303,2,4,3,0,75,3,1,3,2231,11314,6,0,18,3,4,1,6,3,3,4,3,1,2,0.6666666666666666,0.8355805243445693,0.25,True,False,False,True,False,True,False,False,False,False,False,False,False,False,False,False,True,True,False
22,0,1256,19,1,3,1,80,3,1,4,2323,11992,1,0,24,4,1,2,2,6,3,2,2,2,2,1.0,0.8700374531835205,1.0,False,True,True,False,False,False,True,False,False,False,False,False,False,False,True,False,False,True,False
27,0,691,9,3,4,1,57,3,1,2,2024,5970,6,0,18,3,4,1,6,1,1,2,2,2,2,0.3333333333333333,0.7580524344569288,1.0,False,False,True,False,False,False,True,False,False,False,False,False,False,False,True,False,False,False,False
28,0,440,21,3,3,1,42,3,1,4,2713,6672,1,0,11,3,3,1,5,2,1,5,2,0,2,1.0,1.0161048689138577,0.0,False,True,True,False,False,False,True,False,False,False,False,False,False,False,True,False,False,True,False
57,0,334,24,2,3,1,83,4,3,4,9439,23402,3,1,16,3,2,1,12,2,1,5,3,1,4,0.4166666666666667,0.9457915831663327,0.2,False,True,True,False,True,False,False,False,False,False,False,False,False,False,False,False,False,False,False
27,0,1450,3,3,3,1,79,2,1,3,2566,25326,1,1,15,3,4,1,1,2,2,1,1,0,1,1.0,0.9610486891385768,0.0,False,False,True,False,False,False,True,False,False,False,False,False,False,False,True,False,False,False,False
50,0,1452,11,3,3,0,53,3,5,2,19926,17053,3,0,15,3,2,0,21,5,3,5,4,4,4,0.23809523809523808,1.036085690515807,0.8,False,True,True,False,True,False,False,False,False,False,False,True,False,False,False,False,False,False,True
41,0,465,14,3,1,1,56,3,1,3,2451,4609,4,0,12,3,1,1,13,2,3,9,8,1,8,0.6923076923076923,0.9179775280898876,0.1111111111111111,False,True,True,False,True,False,False,False,False,False,False,False,False,False,True,False,False,False,False
30,0,1339,5,3,2,0,41,3,3,4,9419,8053,2,0,12,3,3,1,12,2,3,10,9,7,4,0.8333333333333334,0.9437875751503007,0.7,False,True,False,True,True,False,False,False,False,False,False,False,False,False,False,True,False,True,False
38,0,702,1,4,1,0,59,2,2,4,8686,12930,4,0,22,4,3,0,12,2,4,8,3,0,7,0.6666666666666666,1.6265917602996254,0.0,False,True,False,True,True,False,False,False,False,False,False,False,False,False,False,True,False,False,True
32,0,120,6,5,3,1,43,3,1,3,3038,12430,3,0,20,4,1,0,8,2,3,5,4,1,4,0.625,1.1378277153558052,0.2,False,True,True,False,True,False,False,False,False,False,False,False,False,False,True,False,False,False,True
27,0,1157,17,3,3,1,51,3,1,2,3058,13364,0,1,16,3,4,1,6,3,2,5,2,1,1,0.8333333333333334,1.145318352059925,0.2,False,True,True,False,False,False,False,False,True,False,False,False,False,False,True,False,False,True,False
19,1,602,1,1,3,0,100,1,1,1,2325,20989,0,0,21,4,1,0,1,5,4,0,0,0,0,0.0,0.8707865168539326,0.0,True,False,False,True,False,False,False,False,True,False,False,False,False,False,False,False,True,False,True
36,0,1480,3,2,4,1,30,3,1,2,2088,15062,4,0,12,3,3,0,13,3,2,8,7,7,2,0.6153846153846154,0.7820224719101123,0.875,True,False,True,False,False,False,True,False,False,False,True,False,False,False,False,False,False,False,True
30,0,111,9,3,3,1,66,3,2,1,3072,11012,1,0,11,3,3,2,12,4,3,12,9,6,10,1.0,0.5752808988764045,0.5,False,False,True,False,False,False,True,False,False,False,True,False,False,False,False,False,False,False,False
45,0,1268,4,2,3,0,30,3,2,1,5006,6319,4,1,11,3,1,1,9,3,4,5,4,0,3,0.5555555555555556,0.9374531835205993,0.0,False,True,False,True,True,False,False,False,False,False,False,False,False,False,False,True,False,False,False
56,0,713,8,3,3,0,67,3,1,1,4257,13939,4,1,18,3,3,1,19,3,3,2,2,2,2,0.10526315789473684,1.59438202247191,1.0,False,True,True,False,True,False,False,False,False,False,False,False,False,False,True,False,False,False,False
33,0,134,2,3,3,1,90,3,1,4,2500,10515,0,0,14,3,1,0,4,2,4,3,1,0,2,0.75,0.9363295880149812,0.0,False,True,True,False,True,False,False,False,False,False,False,False,False,False,True,False,False,False,True
19,1,303,2,3,2,1,47,2,1,4,1102,9241,1,0,22,4,3,0,1,3,2,1,0,1,0,1.0,0.41273408239700377,1.0,False,True,True,False,True,False,False,False,False,False,True,False,False,False,False,False,False,False,True
46,0,526,1,2,2,0,92,3,3,1,10453,2137,1,0,25,4,3,3,24,2,3,24,13,15,7,1.0,1.0473947895791582,0.625,False,True,False,True,False,True,False,False,False,False,False,False,False,False,False,True,False,False,False
38,0,1380,9,2,3,0,75,3,1,4,2288,6319,1,0,12,3,3,0,2,3,3,2,2,2,1,1.0,0.8569288389513109,1.0,False,True,True,False,True,False,False,False,False,False,True,False,False,False,False,False,False,False,True
31,0,140,12,1,3,0,95,3,1,4,3929,6984,8,1,23,4,3,1,7,0,3,4,2,0,2,0.5714285714285714,1.4715355805243446,0.0,False,True,True,False,False,False,True,False,False,False,False,False,False,False,True,False,False,True,False
34,0,629,27,2,4,0,95,3,1,2,2311,5711,2,0,15,3,4,0,9,3,3,3,2,1,2,0.3333333333333333,0.8655430711610487,0.3333333333333333,False,True,True,False,False,False,True,False,False,False,False,False,False,False,True,False,False,False,True
41,1,1356,20,2,2,0,70,3,1,2,3140,21728,1,1,22,4,4,0,4,5,2,4,3,0,2,1.0,1.1760299625468165,0.0,False,True,False,True,False,True,False,False,False,False,False,False,False,False,False,False,True,False,True
50,0,328,1,3,3,1,86,2,1,3,3690,3425,2,0,15,3,4,1,5,2,2,3,2,0,2,0.6,1.3820224719101124,0.0,False,True,True,False,False,False,True,False,False,False,True,False,False,False,False,False,False,True,False
53,0,1084,13,2,4,0,57,4,2,1,4450,26250,1,0,11,3,3,2,5,3,3,4,2,1,3,0.8,0.8333333333333334,0.25,False,True,True,False,False,False,True,False,False,False,False,False,True,False,False,False,False,False,False
33,0,931,14,3,4,0,72,3,1,2,2756,4673,1,0,13,3,4,1,8,5,3,8,7,1,6,1.0,1.0322097378277153,0.125,False,True,True,False,False,False,True,False,False,False,False,False,False,False,True,False,False,True,False
40,0,989,4,1,4,0,46,3,5,3,19033,6499,1,0,14,3,2,1,21,2,3,20,8,9,9,0.9523809523809523,0.9896526622296173,0.45,False,True,True,False,False,False,True,False,False,False,False,True,False,False,False,False,False,True,False
55,0,692,14,4,3,1,61,4,5,2,18722,13339,8,0,11,3,4,0,36,3,3,24,15,2,15,0.6666666666666666,0.973481697171381,0.08333333333333333,False,True,True,False,False,False,True,False,False,False,False,False,False,True,False,False,False,False,True
34,0,1069,2,1,4,1,45,2,2,3,9547,14074,1,0,17,3,3,0,10,2,2,10,9,1,9,1.0,1.7878277153558053,0.1,True,False,True,False,True,False,False,False,False,False,False,False,True,False,False,False,False,True,False
51,0,313,3,3,4,0,98,3,4,2,13734,7192,3,0,18,3,3,0,21,6,3,7,7,1,0,0.3333333333333333,0.8501919029342577,0.14285714285714285,False,True,True,False,False,False,True,False,False,False,False,False,False,False,False,False,False,False,True
52,0,699,1,4,3,1,65,2,5,3,19999,5678,0,0,14,3,1,1,34,5,3,33,18,11,9,0.9705882352941176,1.0398814475873543,0.3333333333333333,False,True,True,False,True,False,False,False,False,False,False,True,False,False,False,False,False,True,False
27,0,894,9,3,4,0,99,3,1,2,2279,11781,1,0,16,3,4,0,7,2,2,7,7,0,3,1.0,0.8535580524344569,0.0,False,True,True,False,False,False,True,False,False,False,False,False,False,False,True,False,False,False,True
35,1,556,23,2,2,1,50,2,2,3,5916,15497,3,1,13,3,1,0,8,1,3,1,0,0,1,0.125,1.107865168539326,0.0,False,True,True,False,True,False,False,False,False,False,False,False,True,False,False,False,False,True,False
43,0,1344,7,3,4,1,37,4,1,4,2089,5228,4,0,14,3,4,3,7,3,4,5,4,2,2,0.7142857142857143,0.7823970037453184,0.4,False,False,True,False,False,False,True,False,False,False,False,False,False,False,True,False,False,False,False
45,0,1195,2,2,1,1,65,2,4,4,16792,20462,9,0,23,4,4,1,22,1,3,20,8,11,8,0.9090909090909091,1.0394948619536957,0.55,False,False,True,False,False,False,True,False,False,False,False,True,False,False,False,False,False,True,False
37,0,290,21,3,2,1,65,4,1,1,3564,22977,1,1,12,3,1,1,8,3,2,8,7,1,7,1.0,1.3348314606741574,0.125,False,True,True,False,True,False,False,False,False,False,False,False,False,False,True,False,False,True,False
35,0,138,2,3,2,0,37,3,2,2,4425,15986,5,0,11,3,4,0,10,5,3,6,2,1,2,0.6,0.8286516853932584,0.16666666666666666,True,False,True,False,False,False,True,False,False,False,True,False,False,False,False,False,False,False,True
42,0,926,21,2,3,0,36,3,2,3,5265,16439,2,0,16,3,2,1,11,5,3,5,3,0,2,0.45454545454545453,0.9859550561797753,0.0,False,False,True,False,False,False,True,False,False,False,False,False,True,False,False,False,False,False,False
38,0,1261,2,4,4,1,88,3,2,3,6553,7259,9,0,14,3,2,0,14,3,3,1,0,0,0,0.07142857142857142,1.2271535580524344,0.0,False,True,True,False,True,False,False,False,False,False,False,False,True,False,False,False,False,True,False
38,0,1084,29,3,4,1,54,3,2,4,6261,4185,3,0,18,3,1,1,9,3,1,7,7,1,7,0.7777777777777778,1.1724719101123595,0.14285714285714285,False,True,True,False,False,False,False,False,True,False,False,False,True,False,False,False,False,True,False
27,0,472,1,1,3,1,60,2,2,1,4298,9679,5,0,19,3,3,1,6,1,3,2,2,2,0,0.3333333333333333,0.8048689138576779,1.0,True,False,True,False,False,False,False,False,True,False,False,False,True,False,False,False,False,True,False
49,0,1002,18,4,4,1,92,3,2,4,6804,23793,1,1,15,3,1,2,7,0,3,7,7,1,7,1.0,1.2741573033707865,0.14285714285714285,False,False,True,False,True,False,False,False,False,False,False,False,True,False,False,False,False,False,False
34,0,878,10,4,4,1,43,3,1,3,3815,5972,1,1,17,3,4,1,5,4,4,5,3,2,0,1.0,1.4288389513108615,0.4,True,False,True,False,False,False,True,False,False,False,False,False,False,False,True,False,False,False,False
40,0,905,19,2,3,1,99,3,2,4,2741,16523,8,1,15,3,3,1,15,2,4,7,2,3,7,0.4666666666666667,0.5132958801498128,0.42857142857142855,False,True,True,False,False,False,True,False,False,False,True,False,False,False,False,False,False,True,False
38,1,1180,29,1,2,1,70,3,2,1,6673,11354,7,1,19,3,2,0,17,2,3,1,0,0,0,0.058823529411764705,1.249625468164794,0.0,False,True,True,False,False,False,True,False,False,False,False,False,False,False,False,False,False,True,False
29,1,121,27,3,2,0,35,3,3,4,7639,24525,1,0,22,4,4,3,10,3,2,10,4,1,9,1.0,0.7654308617234469,0.1,False,True,False,True,False,True,False,False,False,False,False,False,False,False,False,True,False,True,False
22,0,1136,5,3,4,1,60,4,1,2,2328,12392,1,1,16,3,1,1,4,2,2,4,2,2,2,1.0,0.8719101123595505,0.5,False,True,True,False,True,False,False,False,False,False,False,False,False,False,True,False,False,False,False
36,0,635,18,1,2,0,73,3,1,4,2153,7703,1,0,13,3,1,0,8,2,3,8,1,1,7,1.0,0.8063670411985019,0.125,True,False,True,False,False,False,True,False,False,False,True,False,False,False,False,False,False,False,True
40,0,1151,9,5,4,1,63,2,2,4,4876,14242,9,0,14,3,4,1,5,5,1,3,2,0,2,0.6,0.9131086142322098,0.0,False,False,True,False,True,False,False,False,False,False,False,False,False,False,False,False,False,True,False
46,0,644,1,4,4,1,97,3,3,1,9396,12368,7,0,16,3,3,1,17,3,3,4,2,0,3,0.23529411764705882,0.9414829659318638,0.0,False,True,True,False,False,False,True,False,False,False,False,False,False,False,False,False,False,False,False
32,1,1045,4,4,4,1,32,1,3,4,10400,25812,1,0,11,3,3,0,14,2,2,14,8,9,8,1.0,1.0420841683366733,0.6428571428571429,False,True,False,True,False,False,True,False,False,False,False,False,False,False,False,True,False,True,False
30,0,829,1,1,3,1,88,2,3,3,8474,20925,1,0,22,4,3,0,12,2,3,11,8,5,8,0.9166666666666666,0.8490981963927856,0.45454545454545453,False,False,True,False,True,False,False,False,False,False,False,False,True,False,False,False,False,False,True
27,0,1242,20,3,4,0,90,3,2,3,9981,12916,1,0,14,3,4,0,7,2,3,7,7,0,7,1.0,1.8691011235955055,0.0,True,False,False,True,True,False,False,False,False,False,False,False,False,False,False,True,False,False,True
51,0,1469,8,4,2,1,81,2,3,2,12490,15736,5,0,16,3,4,2,16,5,1,10,9,4,7,0.625,1.251503006012024,0.4,False,True,True,False,True,False,False,False,False,False,False,False,False,True,False,False,False,True,False
30,1,1005,3,3,4,0,88,3,1,1,2657,8556,5,1,11,3,3,0,8,5,3,5,2,0,4,0.625,0.9951310861423222,0.0,False,True,True,False,False,False,False,False,True,False,False,False,False,False,True,False,False,False,True
41,0,896,6,3,4,0,75,3,3,4,13591,14674,3,1,18,3,3,0,16,3,3,1,0,0,0,0.0625,1.3618236472945893,0.0,False,True,False,True,True,False,False,False,False,False,False,True,False,False,False,False,False,False,True
30,1,334,26,4,3,0,52,2,2,1,6696,22967,5,0,15,3,3,0,9,5,2,6,3,0,1,0.6666666666666666,1.253932584269663,0.0,True,False,False,True,False,True,False,False,False,False,False,False,False,False,False,True,False,False,True
29,1,992,1,3,3,1,85,3,1,3,2058,19757,0,0,14,3,4,0,7,1,2,6,2,1,5,0.8571428571428571,0.7707865168539326,0.16666666666666666,False,True,True,False,False,False,False,False,True,False,False,False,False,False,True,False,False,False,True
45,0,1052,6,3,4,0,57,2,3,4,8865,16840,6,0,12,3,4,0,23,2,3,19,7,12,8,0.8260869565217391,0.8882765531062125,0.631578947368421,False,False,False,True,False,False,True,False,False,False,False,False,False,False,False,True,False,False,True
54,0,1147,3,3,4,0,52,3,2,1,5940,17011,2,0,14,3,4,1,16,4,3,6,2,0,5,0.375,1.1123595505617978,0.0,False,True,False,True,False,True,False,False,False,False,False,False,False,False,False,True,False,True,False
36,0,1396,5,2,4,1,62,3,2,2,5914,9945,8,0,16,3,4,0,16,3,4,13,11,3,7,0.8125,1.10749063670412,0.23076923076923078,False,True,True,False,True,False,False,False,False,False,True,False,False,False,False,False,False,False,True
33,0,147,4,4,3,0,47,2,1,2,2622,13248,6,0,21,4,4,0,7,3,3,3,2,1,1,0.42857142857142855,0.9820224719101124,0.3333333333333333,False,True,True,False,False,False,True,False,False,False,False,False,False,False,True,False,False,True,False
37,0,663,11,3,2,1,47,3,3,4,12185,10056,1,1,14,3,3,3,10,1,3,10,8,0,7,1.0,1.220941883767535,0.0,True,False,True,False,False,False,False,True,False,False,False,False,False,True,False,False,False,False,False
38,0,119,3,3,1,1,76,3,3,3,10609,9647,0,0,12,3,3,2,17,6,2,16,10,5,13,0.9411764705882353,1.0630260521042083,0.3125,False,True,False,True,True,False,False,False,False,False,False,False,False,False,False,True,False,False,False
31,0,979,1,4,3,1,90,1,2,3,4345,4381,0,0,12,3,4,1,6,2,3,5,4,1,4,0.8333333333333334,0.8136704119850188,0.2,False,False,True,False,False,False,True,False,False,False,False,False,True,False,False,False,False,True,False
59,0,142,3,3,3,1,70,2,1,4,2177,8456,3,0,17,3,1,1,7,6,3,1,0,0,0,0.14285714285714285,0.8153558052434456,0.0,False,True,True,False,True,False,False,False,False,False,False,False,False,False,True,False,False,True,False
37,0,319,4,4,1,1,41,3,1,4,2793,2539,4,0,17,3,3,1,13,2,3,9,8,5,8,0.6923076923076923,1.0460674157303371,0.5555555555555556,True,False,False,True,False,True,False,False,False,False,False,False,False,False,False,False,True,False,False
29,0,1413,1,1,2,0,42,3,3,4,7918,6599,1,0,14,3,4,1,11,5,3,11,10,4,1,1.0,0.7933867735470942,0.36363636363636365,True,False,False,True,False,False,True,False,False,False,False,False,False,False,False,True,False,True,False
35,0,944,1,3,3,0,92,3,3,3,8789,9096,1,0,14,3,1,0,10,3,4,10,7,0,8,1.0,0.8806613226452906,0.0,True,False,False,True,False,True,False,False,False,False,False,False,False,False,False,True,False,False,True
29,1,896,18,1,3,1,86,2,1,4,2389,14961,1,1,13,3,3,0,4,3,2,4,3,0,1,1.0,0.8947565543071161,0.0,False,True,True,False,False,False,True,False,False,False,False,False,False,False,True,False,False,False,True
52,0,1323,2,3,3,0,89,2,1,4,3212,3300,7,0,15,3,2,0,6,3,2,2,2,2,2,0.3333333333333333,1.202996254681648,1.0,False,True,True,False,True,False,False,False,False,False,True,False,False,False,False,False,False,False,True
42,0,532,4,2,3,1,58,3,5,4,19232,4933,1,0,11,3,4,0,22,3,3,22,17,11,15,1.0,1.0,0.5,False,True,True,False,False,False,False,False,True,False,False,True,False,False,False,False,False,True,False
59,0,818,6,2,2,1,52,3,1,3,2267,25657,8,0,17,3,4,0,7,2,2,2,2,2,2,0.2857142857142857,0.849063670411985,1.0,False,True,False,False,False,False,True,False,False,True,False,False,False,False,False,False,False,True,False
50,0,854,1,4,4,0,68,3,5,4,19517,24118,3,0,11,3,3,1,32,3,2,7,0,0,6,0.21875,1.0148190515806987,0.0,False,True,False,True,False,False,True,False,False,False,False,True,False,False,False,False,False,False,False
33,1,813,14,3,3,1,58,3,1,4,2436,22149,5,1,13,3,3,1,8,2,1,5,4,0,4,0.625,0.9123595505617977,0.0,False,True,True,False,False,False,True,False,False,False,True,False,False,False,False,False,False,True,False
43,0,1034,16,3,4,0,80,3,4,4,16064,7744,5,1,22,4,3,1,22,3,3,17,13,1,9,0.7727272727272727,0.9944286244892906,0.058823529411764705,False,True,False,True,False,True,False,False,False,False,False,True,False,False,False,False,False,True,False
33,1,465,2,2,1,0,39,3,1,1,2707,21509,7,0,20,4,1,0,13,3,4,9,7,1,7,0.6923076923076923,1.0138576779026218,0.1111111111111111,False,True,True,False,True,False,False,False,False,False,True,False,False,False,False,False,False,True,False
52,0,771,2,4,1,1,79,2,5,3,19068,21030,1,1,18,3,4,0,33,2,4,33,7,15,12,1.0,0.9914725457570716,0.45454545454545453,False,False,False,True,True,False,False,False,False,False,False,True,False,False,False,False,False,False,True
32,0,1401,4,2,3,0,56,3,1,2,3931,20990,2,0,11,3,1,1,6,5,3,4,3,1,2,0.6666666666666666,1.4722846441947566,0.25,False,True,False,True,True,False,False,False,False,False,False,False,False,False,False,False,True,True,False
32,1,515,1,3,4,1,62,2,1,3,3730,9571,0,1,14,3,4,0,4,2,1,3,2,1,2,0.75,1.3970037453183521,0.3333333333333333,False,True,True,False,True,False,False,False,False,False,True,False,False,False,False,False,False,False,True
39,0,1431,1,4,3,0,96,3,1,3,2232,15417,7,0,14,3,3,3,7,1,3,3,2,1,2,0.42857142857142855,0.8359550561797753,0.3333333333333333,False,True,True,False,False,False,True,False,False,False,True,False,False,False,False,False,False,False,False
32,0,976,26,4,3,1,100,3,2,4,4465,12069,0,0,18,3,1,0,4,2,3,3,2,2,2,0.75,0.8361423220973783,0.6666666666666666,False,False,False,True,False,True,False,False,False,False,False,False,False,False,False,True,False,True,False
41,0,1411,19,2,3,1,36,3,2,1,3072,19877,2,0,16,3,1,2,17,2,2,1,0,0,0,0.058823529411764705,0.5752808988764045,0.0,False,True,True,False,True,False,False,False,False,False,False,False,False,False,True,False,False,False,False
40,0,1300,24,2,1,1,62,3,2,4,3319,24447,1,0,17,3,1,2,9,3,3,9,8,4,7,1.0,0.6215355805243445,0.4444444444444444,False,True,True,False,False,False,False,False,True,False,False,False,False,False,True,False,False,False,False
45,0,252,1,3,3,1,70,4,5,4,19202,15970,0,0,11,3,3,1,25,2,3,24,0,1,7,0.96,0.9984400998336106,0.041666666666666664,False,True,True,False,False,False,False,True,False,False,False,True,False,False,False,False,False,True,False
31,0,1327,3,4,2,1,73,3,3,3,13675,13523,9,0,12,3,1,1,9,3,3,2,2,2,2,0.2222222222222222,1.3702404809619237,1.0,True,False,True,False,False,False,True,False,False,False,False,False,False,True,False,False,False,False,False
33,0,832,5,4,3,0,63,2,1,4,2911,14776,1,0,13,3,3,1,2,2,2,2,2,0,2,1.0,1.0902621722846442,0.0,False,True,True,False,True,False,False,False,False,False,False,False,False,False,True,False,False,True,False
34,0,470,2,4,4,1,84,2,2,1,5957,23687,6,0,13,3,2,1,13,3,3,11,9,5,9,0.8461538461538461,1.1155430711610488,0.45454545454545453,False,True,True,False,True,False,False,False,False,False,False,False,True,False,False,False,False,True,False
37,0,1017,1,2,3,0,83,2,1,1,3920,18697,2,0,14,3,1,1,17,2,2,3,1,0,2,0.17647058823529413,1.4681647940074907,0.0,False,True,True,False,False,False,True,False,False,False,False,False,False,False,True,False,False,True,False
45,0,1199,7,4,1,1,77,4,2,3,6434,5118,4,0,17,3,4,1,9,1,3,3,2,0,2,0.3333333333333333,1.2048689138576778,0.0,True,False,True,False,True,False,False,False,False,False,False,False,True,False,False,False,False,True,False
37,1,504,10,3,1,1,61,3,3,3,10048,22573,6,0,11,3,2,2,17,5,3,1,0,0,0,0.058823529411764705,1.006813627254509,0.0,True,False,True,False,False,False,True,False,False,False,False,False,True,False,False,False,False,False,False
39,0,505,2,4,3,0,64,3,3,3,10938,6420,0,0,25,4,4,0,20,1,3,19,6,11,8,0.95,1.095991983967936,0.5789473684210527,True,False,True,False,False,False,False,False,True,False,False,False,False,False,False,False,False,False,True
29,0,665,15,3,3,1,60,3,1,4,2340,22673,1,0,19,3,1,0,6,1,3,6,5,1,5,1.0,0.8764044943820225,0.16666666666666666,False,True,True,False,True,False,False,False,False,False,False,False,False,False,True,False,False,False,True
42,0,916,17,2,4,0,82,4,2,1,6545,23016,3,1,13,3,3,0,10,1,3,3,2,0,2,0.3,1.2256554307116105,0.0,False,True,True,False,True,False,False,False,False,False,False,False,False,False,True,False,False,False,True
29,0,1247,20,2,4,1,45,3,2,4,6931,10732,2,0,14,3,4,1,10,2,3,3,2,0,2,0.3,1.297940074906367,0.0,False,True,False,True,False,True,False,False,False,False,False,False,False,False,False,True,False,False,False
25,0,685,1,3,1,0,62,3,2,3,4898,7505,0,0,12,3,4,2,5,3,3,4,2,1,2,0.8,0.9172284644194757,0.25,False,True,True,False,True,False,False,False,False,False,False,False,True,False,False,False,False,True,False
42,0,269,2,3,4,0,56,2,1,1,2593,8007,0,1,11,3,3,1,10,4,3,9,6,7,8,0.9,0.9711610486891386,0.7777777777777778,False,True,True,False,False,False,True,False,False,False,True,False,False,False,False,False,False,False,False
40,0,1416,2,2,1,1,49,3,5,3,19436,5949,0,0,19,3,4,1,22,5,3,21,7,3,9,0.9545454545454546,1.0106073211314477,0.14285714285714285,False,True,True,False,False,False,True,False,False,False,False,False,False,True,False,False,False,False,False
51,0,833,1,3,3,1,96,3,1,4,2723,23231,1,0,11,3,2,0,1,0,2,1,0,0,0,1.0,1.0198501872659176,0.0,False,True,True,False,True,False,False,False,False,False,False,False,False,False,True,False,False,True,False
31,1,307,29,2,3,1,71,2,1,2,3479,11652,0,0,11,3,2,0,6,2,4,5,4,1,4,0.8333333333333334,1.302996254681648,0.2,True,False,True,False,False,False,True,False,False,False,True,False,False,False,False,False,False,False,True
32,0,1311,7,3,2,1,100,4,1,2,2794,26062,1,0,20,4,3,0,5,3,1,5,1,0,3,1.0,1.046441947565543,0.0,True,False,True,False,True,False,False,False,False,False,True,False,False,False,False,False,False,True,False
38,0,1327,2,2,4,1,39,2,2,4,5249,19682,3,0,18,3,4,1,13,0,3,8,7,7,5,0.6153846153846154,0.9829588014981273,0.875,False,False,False,True,True,False,False,False,False,False,False,False,False,False,False,True,False,True,False
32,0,128,2,1,4,1,84,2,2,1,2176,19737,4,0,13,3,4,0,9,5,3,6,2,0,4,0.6666666666666666,0.40749063670411984,0.0,False,True,True,False,False,False,False,False,True,False,True,False,False,False,False,False,False,False,True
46,0,488,2,3,3,0,75,1,4,2,16872,14977,3,1,12,3,2,1,28,2,2,7,7,7,7,0.25,1.0444471957409929,1.0,False,True,False,True,False,False,False,False,True,False,False,True,False,False,False,False,False,True,False
28,1,529,2,4,1,1,79,3,1,3,3485,14935,2,0,11,3,3,0,5,5,1,0,0,0,0,0.0,1.3052434456928839,0.0,False,True,True,False,True,False,False,False,False,False,True,False,False,False,False,False,False,False,True
29,0,1210,2,3,1,1,78,2,2,2,6644,3687,2,0,19,3,2,2,10,2,3,0,0,0,0,0.0,1.2441947565543072,0.0,False,True,False,True,False,False,True,False,False,False,False,False,False,False,False,True,False,True,False
31,0,1463,23,3,2,1,64,2,2,4,5582,14408,0,0,21,4,2,1,10,2,3,9,0,7,8,0.9,1.0453183520599252,0.7777777777777778,False,True,True,False,False,False,True,False,False,False,False,False,False,False,False,False,False,True,False
25,0,675,5,2,2,1,85,4,2,1,4000,18384,1,0,12,3,4,2,6,2,3,6,3,1,5,1.0,0.7490636704119851,0.16666666666666666,False,False,True,False,True,False,False,False,False,False,False,False,False,False,False,False,False,False,False
45,0,1385,20,2,3,1,79,3,4,4,13496,7501,0,1,14,3,2,0,21,2,3,20,7,4,10,0.9523809523809523,0.8354587099170484,0.2,False,True,True,False,False,False,True,False,False,False,False,False,False,False,False,False,False,True,False
36,0,1403,6,3,4,1,47,3,1,4,3210,20251,0,0,11,3,3,1,16,4,3,15,13,10,11,0.9375,1.202247191011236,0.6666666666666666,False,True,True,False,True,False,False,False,False,False,True,False,False,False,False,False,False,True,False
55,0,452,1,3,4,1,81,3,5,1,19045,18938,0,1,14,3,3,0,37,2,3,36,10,4,13,0.972972972972973,0.9902766222961731,0.1111111111111111,False,True,True,False,False,False,True,False,False,False,False,True,False,False,False,False,False,False,True
47,1,666,29,4,1,1,88,3,3,2,11849,10268,1,1,12,3,4,1,10,2,2,10,7,9,9,1.0,1.1872745490981964,0.9,False,False,True,False,True,False,False,False,False,False,False,True,False,False,False,False,False,True,False
28,0,1158,9,3,4,1,94,3,1,4,2070,2613,1,0,23,4,4,1,5,3,2,5,2,0,4,1.0,0.7752808988764045,0.0,False,True,True,False,False,False,True,False,False,False,False,False,False,False,True,False,False,True,False
37,0,228,6,4,3,1,98,3,2,4,6502,22825,4,0,14,3,2,1,7,5,4,5,4,0,1,0.7142857142857143,1.2176029962546817,0.0,False,True,False,True,False,False,True,False,False,False,False,False,False,False,False,True,False,True,False
21,0,996,3,2,4,1,100,2,1,3,3230,10531,1,0,17,3,1,0,3,4,4,3,2,1,0,1.0,1.2097378277153559,0.3333333333333333,False,True,True,False,False,False,True,False,False,False,False,False,False,False,True,False,False,False,True
37,0,728,1,4,1,0,80,3,3,4,13603,11677,2,1,18,3,1,2,15,2,3,5,2,0,2,0.3333333333333333,1.3630260521042084,0.0,False,False,True,False,False,False,True,False,False,False,False,False,False,True,False,False,False,False,False
35,0,1315,22,3,2,0,71,4,3,2,11996,19100,7,0,18,3,2,1,10,6,2,7,7,6,2,0.7,1.2020040080160321,0.8571428571428571,False,True,True,False,True,False,False,False,False,False,False,True,False,False,False,False,False,False,False
38,0,322,7,2,1,0,44,4,2,1,5605,19191,1,1,24,4,3,1,8,3,3,8,0,7,7,1.0,1.049625468164794,0.875,False,True,False,True,False,False,True,False,False,False,False,False,False,False,False,True,False,False,False
26,0,1479,1,3,3,0,84,3,2,2,6397,26767,1,0,20,4,1,1,6,6,1,6,5,1,4,1.0,1.1979400749063671,0.16666666666666666,True,False,True,False,True,False,False,False,False,False,False,False,True,False,False,False,False,False,False
50,0,797,4,1,1,1,96,3,5,2,19144,15815,3,0,14,3,1,2,28,4,2,10,4,1,6,0.35714285714285715,0.9954242928452579,0.1,False,True,True,False,True,False,False,False,False,False,False,False,False,True,False,False,False,False,False
53,0,1070,3,4,3,1,45,3,4,3,17584,21016,3,1,16,3,4,3,21,5,2,5,3,1,3,0.23809523809523808,1.0885229664479386,0.2,False,True,True,False,False,False,True,False,False,False,False,False,False,True,False,False,False,True,False
42,0,635,1,1,2,1,99,3,2,3,4907,24532,1,0,25,4,3,0,20,3,3,20,16,11,6,1.0,0.9189138576779026,0.55,False,True,False,True,True,False,False,False,False,False,False,False,False,False,False,True,False,True,False
29,0,442,2,2,2,1,44,3,2,4,4554,20260,1,0,18,3,1,0,10,3,2,10,7,0,9,1.0,0.852808988764045,0.0,True,False,False,True,True,False,False,False,False,False,False,False,False,False,False,True,False,False,True
55,0,147,20,2,2,1,37,3,2,4,5415,15972,3,1,19,3,4,1,12,4,3,10,7,0,8,0.8333333333333334,1.0140449438202248,0.0,False,True,True,False,False,False,False,False,True,False,True,False,False,False,False,False,False,True,False
26,0,496,11,2,1,1,60,3,2,1,4741,22722,1,1,13,3,3,1,5,3,3,5,3,3,3,1.0,0.8878277153558053,0.6,True,False,True,False,False,False,True,False,False,False,False,False,False,False,False,False,False,True,False
37,0,1372,1,3,4,0,42,3,1,4,2115,15881,1,0,12,3,2,0,17,3,3,17,12,5,7,1.0,0.7921348314606742,0.29411764705882354,False,True,True,False,True,False,False,False,False,False,False,False,False,False,True,False,False,False,True
44,1,920,24,3,4,1,43,3,1,3,3161,19920,3,1,22,4,4,1,19,0,1,1,0,0,0,0.05263157894736842,1.1838951310861423,0.0,True,False,True,False,True,False,False,False,False,False,True,False,False,False,False,False,False,False,False
38,0,688,23,4,4,1,82,3,2,4,5745,18899,9,0,14,3,2,1,10,2,3,2,2,1,2,0.2,1.0758426966292134,0.5,False,True,True,False,True,False,False,False,False,False,False,False,False,False,False,False,False,False,False
26,1,1449,16,4,1,1,45,3,1,2,2373,14180,2,1,13,3,4,1,5,2,3,3,2,0,2,0.6,0.8887640449438202,0.0,False,True,True,False,False,False,True,False,False,False,True,False,False,False,False,False,False,False,False
28,0,1117,8,2,4,0,66,3,1,4,3310,4488,1,0,21,4,4,0,5,3,3,5,3,0,2,1.0,1.2397003745318351,0.0,False,True,True,False,True,False,False,False,False,False,False,False,False,False,True,False,False,False,True
49,0,636,10,4,3,0,35,3,5,1,18665,25594,9,1,11,3,4,0,22,4,3,3,2,1,2,0.13636363636363635,0.9705178868552413,0.3333333333333333,True,False,True,False,True,False,False,False,False,False,False,False,False,True,False,False,False,False,True
36,0,506,3,3,3,1,30,3,2,2,4485,26285,4,0,12,3,4,0,10,2,3,8,0,7,7,0.8,0.8398876404494382,0.875,False,True,True,False,False,False,False,False,True,False,False,False,False,False,True,False,False,False,True
31,0,444,5,3,4,0,84,3,1,2,2789,3909,1,0,11,3,3,1,2,5,2,2,2,2,2,1.0,1.044569288389513,1.0,True,False,False,True,False,True,False,False,False,False,False,False,False,False,False,False,True,False,False
26,1,950,4,4,4,1,48,2,2,4,5828,8450,1,1,12,3,2,0,8,0,3,8,7,7,4,1.0,1.091385767790262,0.875,False,True,False,True,False,True,False,False,False,False,False,False,False,False,False,True,False,False,True
37,0,889,9,3,2,1,53,3,1,4,2326,11411,1,1,12,3,3,3,4,3,2,4,2,1,2,1.0,0.8711610486891386,0.25,True,False,True,False,False,False,True,False,False,False,False,False,False,False,True,False,False,True,False
42,0,555,26,3,3,0,77,3,4,2,13525,14864,5,0,14,3,4,1,23,2,4,20,4,4,8,0.8695652173913043,0.8372539309149437,0.2,True,False,False,True,False,True,False,False,False,False,False,False,False,False,False,True,False,True,False
18,1,230,3,3,3,1,54,3,1,3,1420,25233,1,0,13,3,3,0,0,2,3,0,0,0,0,0.0,0.5318352059925093,0.0,False,True,True,False,True,False,False,False,False,False,True,False,False,False,False,False,False,False,True
35,0,1232,16,3,3,1,96,3,3,2,8020,5100,0,0,15,3,3,2,12,3,2,11,9,6,9,0.9166666666666666,0.8036072144288577,0.5454545454545454,False,True,False,True,False,True,False,False,False,False,False,False,False,False,False,True,False,True,False
36,0,566,18,4,3,1,81,4,1,4,3688,7122,4,0,18,3,4,2,4,2,3,1,0,0,0,0.25,1.3812734082397005,0.0,True,False,True,False,True,False,False,False,False,False,True,False,False,False,False,False,False,True,False
51,0,1302,2,3,4,1,84,1,2,2,5482,16321,5,0,18,3,4,1,13,3,3,4,1,1,2,0.3076923076923077,1.0265917602996255,0.25,False,True,True,False,False,False,True,False,False,False,False,False,True,False,False,False,False,False,False
41,0,334,2,4,4,1,88,3,4,2,16015,15896,1,0,19,3,2,0,22,2,3,22,10,0,4,1.0,0.991395320044571,0.0,False,True,False,True,True,False,False,False,False,False,False,True,False,False,False,False,False,False,True
18,0,812,10,3,4,0,69,2,1,3,1200,9724,1,0,12,3,1,0,0,2,3,0,0,0,0,0.0,0.449438202247191,0.0,False,True,False,True,False,False,True,False,False,False,False,False,False,False,False,False,True,False,True
28,0,1476,16,2,2,1,68,4,2,1,5661,4824,0,0,19,3,3,0,9,2,3,8,3,0,7,0.8888888888888888,1.0601123595505617,0.0,False,True,True,False,False,False,True,False,False,False,False,False,False,False,False,False,False,False,True
31,0,218,7,3,2,1,100,4,2,4,6929,12241,4,0,11,3,2,1,10,3,2,8,7,7,7,0.8,1.297565543071161,0.875,False,True,False,True,False,False,False,False,True,False,False,False,False,False,False,True,False,True,False
39,0,1132,1,3,3,1,48,4,3,4,9613,10942,0,0,17,3,1,3,19,5,2,18,10,3,7,0.9473684210526315,0.9632264529058117,0.16666666666666666,False,True,True,False,False,False,True,False,False,False,False,False,False,False,False,False,False,False,False
36,0,1105,24,4,2,0,47,3,2,2,5674,6927,7,0,15,3,3,1,11,3,3,9,8,0,8,0.8181818181818182,1.0625468164794007,0.0,False,False,True,False,True,False,False,False,False,False,True,False,False,False,False,False,False,True,False
32,0,906,7,3,4,1,91,2,2,3,5484,16985,1,0,14,3,3,1,13,3,2,13,8,4,8,1.0,1.0269662921348315,0.3076923076923077,False,True,False,True,True,False,False,False,False,False,False,False,False,False,False,True,False,True,False
38,0,849,25,2,1,0,81,2,3,2,12061,26707,3,0,17,3,3,1,19,2,3,10,8,0,1,0.5263157894736842,1.2085170340681364,0.0,False,True,True,False,True,False,False,False,False,False,False,False,False,True,False,False,False,True,False
58,0,390,1,4,4,1,32,1,2,3,5660,17056,2,1,13,3,4,1,12,2,3,5,3,1,2,0.4166666666666667,1.0599250936329587,0.2,False,False,True,False,True,False,False,False,False,False,False,False,False,False,False,False,False,False,False
31,0,691,5,4,3,1,86,3,1,4,4821,10077,0,1,12,3,3,1,6,4,3,5,2,0,3,0.8333333333333334,1.8056179775280898,0.0,False,True,True,False,False,False,False,False,True,False,False,False,False,False,True,False,False,True,False
31,0,106,2,3,1,1,62,2,2,1,6410,17822,3,0,12,3,4,0,9,1,3,2,2,1,0,0.2222222222222222,1.200374531835206,0.5,False,True,False,False,False,False,False,False,False,True,False,False,False,False,False,False,False,True,False
45,0,1249,7,3,1,1,97,3,3,1,5210,20308,1,0,18,3,1,1,24,2,3,24,9,9,11,1.0,0.5220440881763527,0.375,True,False,True,False,True,False,False,False,False,False,True,False,False,False,False,False,False,False,False
31,0,192,2,4,3,1,32,3,1,4,2695,7747,0,1,18,3,2,1,3,2,1,2,2,2,2,0.6666666666666666,1.0093632958801497,1.0,False,True,True,False,True,False,False,False,False,False,False,False,False,False,True,False,False,False,False
33,0,553,5,4,4,0,74,3,3,2,11878,23364,6,0,11,3,2,2,12,2,3,10,6,8,8,0.8333333333333334,1.190180360721443,0.8,True,False,True,False,True,False,False,False,False,False,False,True,False,False,False,False,False,True,False
39,0,117,10,1,3,1,99,3,4,1,17068,5355,1,1,14,3,4,0,21,3,3,21,9,11,10,1.0,1.0565804135198713,0.5238095238095238,False,True,True,False,False,False,True,False,False,False,False,True,False,False,False,False,False,True,False
43,0,185,10,4,3,0,33,3,1,4,2455,10675,0,0,19,3,1,0,9,5,3,8,7,1,7,0.8888888888888888,0.9194756554307116,0.125,True,False,True,False,True,False,False,False,False,False,True,False,False,False,False,False,False,False,True
49,0,1091,1,2,3,0,90,2,4,3,13964,17810,7,1,12,3,4,0,25,2,3,7,1,0,7,0.28,0.8644298625727374,0.0,False,True,True,False,False,False,False,False,True,False,False,False,False,False,False,False,False,False,True
52,1,723,8,4,3,1,85,2,2,2,4941,17747,2,0,15,3,1,0,11,3,2,8,2,7,7,0.7272727272727273,0.9252808988764045,0.875,False,True,True,False,False,False,True,False,False,False,False,False,False,False,True,False,False,True,False
27,0,1220,5,3,3,0,85,3,1,2,2478,20938,1,1,12,3,2,0,4,2,2,4,3,1,2,1.0,0.9280898876404494,0.25,False,True,True,False,True,False,False,False,False,False,False,False,False,False,True,False,False,False,True
32,0,588,8,2,3,0,65,2,2,2,5228,24624,1,1,11,3,4,0,13,2,3,13,12,11,9,1.0,0.9790262172284644,0.8461538461538461,False,True,False,True,False,False,False,False,True,False,False,False,False,False,False,True,False,True,False
27,0,1377,2,3,4,1,74,3,2,3,4478,5242,1,1,11,3,1,0,5,3,3,5,4,0,4,1.0,0.8385767790262172,0.0,False,True,False,True,True,False,False,False,False,False,False,False,False,False,False,True,False,False,True
31,0,691,7,3,4,1,73,3,2,4,7547,7143,4,0,12,3,4,3,13,3,3,7,7,1,7,0.5384615384615384,1.4132958801498128,0.14285714285714285,False,True,False,True,False,True,False,False,False,False,False,False,False,False,False,True,False,False,False
32,0,1018,2,4,1,0,74,4,2,4,5055,10557,7,0,16,3,3,0,10,0,2,7,7,0,7,0.7,0.9466292134831461,0.0,False,True,True,False,False,False,True,False,False,False,False,False,False,False,True,False,False,False,True
28,1,1157,2,4,1,1,84,1,1,4,3464,24737,5,1,13,3,4,0,5,4,2,3,2,2,2,0.6,1.297378277153558,0.6666666666666666,False,True,True,False,False,False,True,False,False,False,False,False,False,False,True,False,False,True,False
30,0,1275,28,2,4,0,64,3,2,4,5775,11934,1,0,13,3,4,2,11,2,3,10,8,1,9,0.9090909090909091,1.0814606741573034,0.1,False,True,True,False,False,False,True,False,False,False,False,False,False,False,True,False,False,True,False
31,0,798,7,2,3,0,48,2,3,3,8943,14034,1,0,24,4,1,1,10,2,3,10,9,8,9,1.0,0.8960921843687375,0.8,True,False,True,False,True,False,False,False,False,False,False,False,True,False,False,False,False,True,False
39,0,672,7,2,3,1,54,2,5,4,19272,21141,1,0,15,3,1,1,21,2,3,21,9,13,3,1.0,1.0020798668885191,0.6190476190476191,True,False,True,False,False,False,True,False,False,False,False,True,False,False,False,False,False,True,False
39,1,1162,3,2,4,0,41,3,2,3,5238,17778,4,1,18,3,1,0,12,3,2,1,0,0,0,0.08333333333333333,0.9808988764044944,0.0,False,True,False,True,False,False,True,False,False,False,False,False,False,False,False,True,False,True,False
33,0,508,10,3,2,1,46,2,2,4,4682,4317,3,0,14,3,3,0,9,6,2,7,7,0,1,0.7777777777777778,0.8767790262172285,0.0,True,False,False,True,False,True,False,False,False,False,False,False,False,False,False,True,False,False,True
47,0,1482,5,5,4,1,42,3,5,3,18300,16375,4,0,11,3,2,1,21,2,3,3,2,1,1,0.14285714285714285,0.9515391014975042,0.3333333333333333,False,True,True,False,True,False,False,False,False,False,False,False,False,True,False,False,False,True,False
43,0,559,10,4,3,0,82,2,2,3,5257,6227,1,0,11,3,2,1,9,3,4,9,7,0,0,1.0,0.9844569288389513,0.0,True,False,True,False,True,False,False,False,False,False,True,False,False,False,False,False,False,False,False
27,0,210,1,1,3,1,73,3,2,2,6349,22107,0,1,13,3,4,1,6,0,3,5,4,1,4,0.8333333333333334,1.1889513108614231,0.2,False,False,False,True,False,True,False,False,False,False,False,False,False,False,False,True,False,True,False
54,0,928,20,4,4,0,31,3,2,3,4869,16885,3,0,12,3,4,0,20,4,2,4,3,0,3,0.2,0.9117977528089888,0.0,True,False,True,False,True,False,False,False,False,False,False,False,False,False,True,False,False,False,True
43,0,1001,7,3,3,0,43,3,3,1,9985,9262,8,0,16,3,1,1,10,1,2,1,0,0,0,0.1,1.000501002004008,0.0,False,True,True,False,True,False,False,False,False,False,False,False,False,False,False,False,False,True,False
45,0,549,8,4,4,1,75,3,2,4,3697,9278,9,0,14,3,1,2,12,3,3,10,9,9,8,0.8333333333333334,0.6923220973782771,0.9,False,True,True,False,False,False,False,True,False,False,False,False,False,False,True,False,False,True,False
40,0,1124,1,2,2,1,57,1,2,4,7457,13273,2,1,22,4,3,3,6,2,2,4,3,0,2,0.6666666666666666,1.396441947565543,0.0,False,True,False,True,False,False,True,False,False,False,False,False,False,False,False,True,False,True,False
29,1,318,8,4,2,1,77,1,1,1,2119,4759,1,1,11,3,4,0,7,4,2,7,7,0,7,1.0,0.7936329588014981,0.0,False,True,True,False,False,False,False,True,False,False,True,False,False,False,False,False,False,True,False
29,0,738,9,5,2,1,30,2,1,4,3983,7621,0,0,17,3,3,0,4,2,3,3,2,2,2,0.75,1.4917602996254682,0.6666666666666666,False,True,True,False,False,False,False,True,False,False,True,False,False,False,False,False,False,False,True
30,0,570,5,3,4,0,30,2,2,3,6118,5431,1,0,13,3,3,3,10,2,3,10,9,1,2,1.0,1.145692883895131,0.1,False,True,False,True,False,True,False,False,False,False,False,False,False,False,False,True,False,False,False
27,0,1130,8,4,2,0,56,3,2,2,6214,3415,1,0,18,3,1,1,8,3,3,8,7,0,7,1.0,1.1636704119850187,0.0,False,True,False,True,False,True,False,False,False,False,False,False,False,False,False,True,False,True,False
37,0,1192,5,2,4,1,61,3,2,4,6347,23177,7,0,16,3,3,2,8,2,2,6,2,0,4,0.75,1.1885767790262172,0.0,False,True,True,False,False,False,True,False,False,False,False,False,True,False,False,False,False,False,False
38,0,343,15,2,3,1,92,2,3,4,11510,15682,0,1,14,3,2,1,12,3,3,11,10,2,9,0.9166666666666666,1.153306613226453,0.18181818181818182,False,True,True,False,True,False,False,False,False,False,False,False,False,True,False,False,False,False,False
31,0,1232,7,4,3,0,39,3,3,4,7143,25713,1,1,14,3,3,0,11,2,2,11,9,4,10,1.0,0.7157314629258517,0.36363636363636365,False,True,True,False,False,False,True,False,False,False,False,False,True,False,False,False,False,False,True
29,0,144,10,1,4,0,39,2,2,2,8268,11866,1,1,14,3,1,2,7,2,3,7,7,1,7,1.0,1.548314606741573,0.14285714285714285,False,True,False,True,False,True,False,False,False,False,False,False,False,False,False,True,False,False,False
35,0,1296,5,4,3,1,62,3,3,2,8095,18264,0,0,13,3,4,0,17,5,3,16,6,0,13,0.9411764705882353,0.811122244488978,0.0,False,True,True,False,False,False,False,False,True,False,False,False,True,False,False,False,False,False,True
23,0,1309,26,1,3,1,83,3,1,4,2904,16092,1,0,12,3,3,2,4,2,2,4,2,0,2,1.0,1.0876404494382022,0.0,False,True,True,False,True,False,False,False,False,False,False,False,False,False,True,False,False,False,False
41,0,483,6,3,4,1,95,2,2,2,6032,10110,6,1,15,3,4,0,8,3,3,5,4,1,2,0.625,1.1295880149812734,0.2,False,True,True,False,False,False,True,False,False,False,False,False,True,False,False,False,False,False,True
47,0,1309,4,1,2,1,99,3,2,3,2976,25751,3,0,19,3,1,0,5,3,3,0,0,0,0,0.0,0.5573033707865168,0.0,True,False,False,True,False,False,True,False,False,False,False,False,False,False,False,False,True,False,True
42,0,810,23,5,1,0,44,3,4,4,15992,15901,2,0,14,3,2,0,16,2,3,1,0,0,0,0.0625,0.9899715240807231,0.0,False,True,True,False,True,False,False,False,False,False,False,False,False,True,False,False,False,False,True
29,0,746,2,3,4,1,61,3,2,3,4649,16928,1,0,14,3,1,1,4,3,2,4,3,0,2,1.0,0.8705992509363296,0.0,False,False,False,True,True,False,False,False,False,False,False,False,False,False,False,True,False,True,False
42,0,544,2,1,3,1,52,3,1,3,2696,24017,0,1,11,3,3,1,4,5,3,3,2,1,0,0.75,1.0097378277153557,0.3333333333333333,False,True,False,False,False,False,False,False,True,True,False,False,False,False,False,False,False,False,False
32,0,1062,2,3,3,0,75,3,1,2,2370,3956,1,0,13,3,3,1,8,4,3,8,0,0,7,1.0,0.8876404494382022,0.0,False,True,True,False,False,False,True,False,False,False,True,False,False,False,False,False,False,True,False
48,0,530,29,1,1,0,91,3,3,3,12504,23978,3,0,21,4,2,1,15,3,1,0,0,0,0,0.0,1.2529058116232465,0.0,False,True,False,True,False,False,True,False,False,False,False,True,False,False,False,False,False,True,False
37,0,1319,6,3,3,1,51,4,2,1,5974,17001,4,1,13,3,1,2,13,2,3,7,7,6,7,0.5384615384615384,1.1187265917602995,0.8571428571428571,False,True,True,False,False,False,True,False,False,False,False,False,False,False,True,False,False,False,False
30,0,641,25,2,4,0,85,3,2,3,4736,6069,7,1,12,3,2,1,4,2,4,2,2,2,2,0.5,0.8868913857677903,1.0,False,False,False,True,False,False,False,False,True,False,False,False,False,False,False,True,False,True,False
26,0,933,1,3,3,1,57,3,2,3,5296,20156,1,0,17,3,2,1,8,3,3,8,7,7,7,1.0,0.9917602996254682,0.875,False,True,False,True,True,False,False,False,False,False,False,False,False,False,False,True,False,True,False
42,0,1332,2,4,1,1,98,2,2,4,6781,17078,3,0,23,4,2,0,14,6,3,1,0,0,0,0.07142857142857142,1.2698501872659176,0.0,False,True,True,False,False,False,False,True,False,False,False,False,False,False,False,False,False,False,True
21,1,756,1,1,1,0,99,2,1,2,2174,9150,1,1,11,3,3,0,3,3,3,3,2,1,2,1.0,0.8142322097378277,0.3333333333333333,True,False,False,True,False,False,False,False,True,False,False,False,False,False,False,False,True,False,True
36,0,845,1,5,4,0,45,3,2,4,6653,15276,4,0,15,3,2,0,7,6,3,1,0,0,0,0.14285714285714285,1.245880149812734,0.0,False,False,False,True,False,False,True,False,False,False,False,False,False,False,False,True,False,False,True
36,0,541,3,4,1,1,48,2,3,4,9699,7246,4,0,11,3,1,1,16,2,3,13,9,1,12,0.8125,0.9718436873747495,0.07692307692307693,True,False,False,True,False,False,True,False,False,False,False,False,False,False,False,True,False,True,False
57,0,593,1,4,4,1,88,3,2,3,6755,2967,2,0,11,3,3,0,15,2,3,3,2,1,2,0.2,1.2649812734082397,0.3333333333333333,False,True,True,False,False,False,True,False,False,False,False,False,False,False,False,False,False,True,False
40,0,1171,10,4,4,0,46,4,1,3,2213,22495,3,1,13,3,3,1,10,3,3,7,7,1,7,0.7,0.8288389513108614,0.14285714285714285,False,True,True,False,True,False,False,False,False,False,True,False,False,False,False,False,False,True,False
21,0,895,9,2,1,1,39,3,1,4,2610,2851,1,0,24,4,3,0,3,3,2,3,2,2,2,1.0,0.9775280898876404,0.6666666666666666,False,False,False,True,False,False,True,False,False,False,False,False,False,False,False,False,True,False,True
33,1,350,5,3,4,0,34,3,1,3,2851,9150,1,1,13,3,2,0,1,2,3,1,0,0,0,1.0,1.0677902621722846,0.0,False,True,False,True,False,True,False,False,False,False,False,False,False,False,False,False,True,False,True
37,0,921,10,3,3,0,98,3,1,1,3452,17663,6,0,20,4,2,1,17,3,3,5,4,0,3,0.29411764705882354,1.2928838951310861,0.0,False,True,True,False,False,False,True,False,False,False,True,False,False,False,False,False,False,True,False
46,0,1144,7,4,3,0,30,3,2,3,5258,16044,2,0,14,3,3,0,7,2,4,1,0,0,0,0.14285714285714285,0.9846441947565543,0.0,False,False,True,False,False,False,True,False,False,False,False,False,True,False,False,False,False,True,False
41,1,143,4,3,1,1,56,3,2,2,9355,9558,1,0,18,3,3,0,8,5,3,8,7,7,7,1.0,1.7518726591760299,0.875,True,False,False,True,False,True,False,False,False,False,False,False,False,False,False,True,False,False,True
50,0,1046,10,3,4,1,100,2,3,4,10496,2755,6,0,15,3,4,0,20,2,3,4,3,1,3,0.2,1.0517034068136273,0.25,False,True,True,False,False,False,False,False,True,False,False,False,False,False,False,False,False,False,True
40,1,575,22,2,3,1,68,2,2,3,6380,6110,2,1,12,3,1,2,8,6,3,6,4,1,0,0.75,1.1947565543071161,0.16666666666666666,False,True,False,True,False,True,False,False,False,False,False,False,False,False,False,True,False,True,False
31,0,408,9,4,3,1,42,2,1,2,2657,7551,0,1,16,3,4,0,3,5,3,2,2,2,2,0.6666666666666666,0.9951310861423222,1.0,False,True,True,False,True,False,False,False,False,False,False,False,False,False,True,False,False,False,True
21,1,156,12,3,3,0,90,4,1,2,2716,25422,1,0,15,3,4,0,1,0,3,1,0,0,0,1.0,1.0172284644194756,0.0,False,True,False,True,True,False,False,False,False,False,False,False,False,False,False,False,True,False,True
29,0,1283,23,3,4,1,54,3,1,4,2201,18168,9,0,16,3,4,0,6,4,3,3,2,1,2,0.5,0.8243445692883895,0.3333333333333333,False,True,True,False,True,False,False,False,False,False,False,False,False,False,True,False,False,False,True
35,0,755,9,4,3,1,97,2,2,2,6540,19394,9,0,19,3,3,0,10,5,3,1,1,0,0,0.1,1.2247191011235956,0.0,False,True,True,False,True,False,False,False,False,False,False,False,False,False,False,False,False,False,True
27,0,1469,1,2,4,1,82,3,1,2,3816,17881,1,0,11,3,2,1,5,2,3,5,2,0,4,1.0,1.4292134831460674,0.0,False,True,True,False,False,False,True,False,False,False,True,False,False,False,False,False,False,False,False
28,0,304,9,4,2,1,92,3,2,4,5253,20750,1,0,16,3,4,0,7,1,3,7,5,0,7,1.0,0.9837078651685394,0.0,False,True,False,True,True,False,False,False,False,False,False,False,False,False,False,True,False,False,True
49,0,1261,7,3,2,1,31,2,3,3,10965,12066,8,0,24,4,3,0,26,2,3,5,2,0,0,0.19230769230769232,1.098697394789579,0.0,False,True,True,False,False,False,False,True,False,False,False,False,False,False,False,False,False,False,True
51,0,1178,14,2,3,0,87,3,2,4,4936,14862,4,0,11,3,3,1,18,2,2,7,7,0,7,0.3888888888888889,0.9243445692883895,0.0,False,True,False,True,True,False,False,False,False,False,False,False,False,False,False,True,False,True,False
36,0,329,2,3,4,0,96,3,1,3,2543,11868,4,0,13,3,2,1,6,3,3,2,2,2,2,0.3333333333333333,0.952434456928839,1.0,False,True,True,False,True,False,False,False,False,False,False,False,False,False,True,False,False,True,False
34,1,1362,19,3,1,1,67,4,2,4,5304,4652,8,1,13,3,2,0,9,3,2,5,2,0,4,0.5555555555555556,0.9932584269662922,0.0,False,False,False,True,False,True,False,False,False,False,False,False,False,False,False,True,False,False,True
55,0,1311,2,3,3,0,97,3,4,4,16659,23258,2,1,13,3,3,0,30,2,3,5,4,1,2,0.16666666666666666,1.031261607032314,0.2,False,True,True,False,True,False,False,False,False,False,False,True,False,False,False,False,False,False,True
24,0,1371,10,4,4,0,77,3,2,3,4260,5915,1,1,12,3,4,1,5,2,4,5,2,0,3,1.0,0.797752808988764,0.0,False,True,False,True,False,True,False,False,False,False,False,False,False,False,False,True,False,False,False
30,0,202,2,1,3,1,72,3,1,2,2476,17434,1,0,18,3,1,1,1,3,3,1,0,0,0,1.0,0.9273408239700375,0.0,False,True,False,True,False,False,False,False,True,False,False,False,False,False,False,False,True,True,False
26,1,575,3,1,3,1,73,3,1,1,3102,6582,0,0,22,4,3,0,7,2,3,6,4,0,4,0.8571428571428571,1.1617977528089887,0.0,True,False,True,False,False,False,False,False,True,False,False,False,False,False,True,False,False,False,True
22,0,253,11,3,1,0,43,3,1,2,2244,24440,1,0,13,3,4,1,2,1,3,2,1,1,2,1.0,0.8404494382022472,0.5,False,True,True,False,False,False,True,False,False,False,False,False,False,False,True,False,False,True,False
36,0,164,2,2,2,1,61,2,3,3,7596,3809,1,0,13,3,2,2,10,2,3,10,9,9,0,1.0,0.7611222444889779,0.9,False,True,False,True,False,False,True,False,False,False,False,False,False,False,False,True,False,True,False
30,1,464,4,3,3,1,40,3,1,4,2285,3427,9,1,23,4,3,0,3,4,3,1,0,0,0,0.3333333333333333,0.8558052434456929,0.0,True,False,True,False,False,False,False,False,True,False,False,False,False,False,True,False,False,False,True
37,0,1107,14,3,4,0,95,3,1,1,3034,26914,1,0,12,3,3,1,18,2,2,18,7,12,17,1.0,1.1363295880149813,0.6666666666666666,False,True,True,False,True,False,False,False,False,False,True,False,False,False,False,False,False,False,False
40,0,759,2,2,4,0,46,3,2,2,5715,22553,7,0,12,3,3,2,8,5,3,5,4,1,3,0.625,1.0702247191011236,0.2,False,True,False,True,False,True,False,False,False,False,False,False,False,False,False,True,False,False,False
42,0,201,1,4,2,0,95,3,1,1,2576,20490,3,0,16,3,2,1,8,5,3,5,2,1,2,0.625,0.9647940074906367,0.2,False,True,True,False,True,False,False,False,False,False,True,False,False,False,False,False,False,False,False
37,0,1305,10,4,3,1,49,3,2,2,4197,21123,2,1,12,3,4,0,18,2,2,1,0,0,1,0.05555555555555555,0.7859550561797752,0.0,False,True,True,False,True,False,False,False,False,False,False,False,True,False,False,False,False,False,True
43,0,982,12,3,1,1,59,2,4,2,14336,4345,1,0,11,3,3,1,25,3,3,25,10,3,9,1.0,0.8874582146836697,0.12,False,True,True,False,True,False,False,False,False,False,False,False,False,True,False,False,False,False,False
40,0,555,2,3,2,0,78,2,2,3,3448,13436,6,0,22,4,2,1,20,3,3,1,0,0,0,0.05,0.6456928838951311,0.0,False,True,True,False,False,False,True,False,False,False,True,False,False,False,False,False,False,True,False
54,0,821,5,2,1,1,86,3,5,1,19406,8509,4,0,11,3,3,1,24,4,2,4,2,1,2,0.16666666666666666,1.0090474209650582,0.25,False,True,True,False,False,False,True,False,False,False,False,False,False,True,False,False,False,True,False
34,0,1381,4,4,3,0,72,3,2,3,6538,12740,9,0,15,3,1,1,6,3,3,3,2,1,2,0.5,1.2243445692883894,0.3333333333333333,False,False,False,True,False,True,False,False,False,False,False,False,False,False,False,True,False,True,False
31,0,480,7,2,2,0,31,3,2,1,4306,4156,1,0,12,3,2,1,13,5,1,13,10,3,12,1.0,0.8063670411985019,0.23076923076923078,False,True,True,False,False,False,True,False,False,False,False,False,True,False,False,False,False,True,False
43,0,313,21,3,4,1,61,3,1,4,2258,15238,7,0,20,4,1,1,8,1,3,3,2,1,2,0.375,0.8456928838951311,0.3333333333333333,True,False,True,False,False,False,True,False,False,False,True,False,False,False,False,False,False,True,False
43,0,1473,8,4,3,0,74,3,2,3,4522,2227,4,1,14,3,4,0,8,3,3,5,2,0,2,0.625,0.8468164794007491,0.0,False,True,True,False,False,False,False,True,False,False,False,False,False,False,False,False,False,False,False
25,0,891,4,2,2,0,99,2,2,4,4487,12090,1,1,11,3,2,0,5,3,3,5,4,1,3,1.0,0.8402621722846442,0.2,False,True,False,True,True,False,False,False,False,False,False,False,False,False,False,True,False,False,True
37,0,1063,25,5,2,0,72,3,2,3,4449,23866,3,1,15,3,1,2,15,2,3,13,11,10,7,0.8666666666666667,0.8331460674157304,0.7692307692307693,False,False,True,False,False,False,True,False,False,False,False,False,False,False,True,False,False,True,False
31,0,329,1,2,4,1,98,2,1,1,2218,16193,1,0,12,3,3,1,4,3,3,4,2,3,2,1.0,0.8307116104868913,0.75,False,True,True,False,True,False,False,False,False,False,True,False,False,False,False,False,False,True,False
39,0,1218,1,1,2,1,52,3,5,3,19197,8213,1,1,14,3,3,1,21,3,3,21,8,1,6,1.0,0.9981801164725458,0.047619047619047616,True,False,True,False,True,False,False,False,False,False,False,True,False,False,False,False,False,False,False
56,0,906,6,3,3,0,86,4,4,1,13212,18256,9,0,11,3,4,3,36,0,2,7,7,7,7,0.19444444444444445,0.8178779249721432,1.0,True,False,False,True,True,False,False,False,False,False,False,False,False,False,False,True,False,True,False
30,0,1082,12,3,2,0,83,3,2,3,6577,19558,0,0,11,3,2,0,6,6,3,5,4,4,4,0.8333333333333334,1.2316479400749063,0.8,False,True,False,True,False,False,False,False,True,False,False,False,False,False,False,True,False,False,True
41,0,645,1,3,2,1,49,4,3,1,8392,19566,1,0,16,3,3,1,10,2,3,10,7,0,7,1.0,0.8408817635270541,0.0,False,True,False,True,False,True,False,False,False,False,False,False,False,False,False,True,False,True,False
28,0,1300,17,2,3,1,79,3,2,1,4558,13535,1,0,12,3,4,1,10,2,3,10,0,1,8,1.0,0.8535580524344569,0.1,False,True,True,False,False,False,True,False,False,False,True,False,False,False,False,False,False,False,False
25,1,688,3,3,1,1,91,3,1,1,4031,9396,5,0,13,3,3,1,6,5,3,2,2,0,2,0.3333333333333333,1.5097378277153557,0.0,False,True,True,False,False,False,True,False,False,False,True,False,False,False,False,False,False,True,False
52,0,319,3,3,4,1,39,2,3,3,7969,19609,2,1,14,3,3,0,28,4,3,5,4,0,4,0.17857142857142858,0.7984969939879759,0.0,False,True,True,False,False,False,True,False,False,False,False,False,True,False,False,False,False,True,False
45,0,192,10,2,1,1,69,3,1,4,2654,9655,3,0,21,4,4,2,8,3,2,2,2,0,2,0.25,0.9940074906367041,0.0,False,True,True,False,True,False,False,False,False,False,False,False,False,False,True,False,False,True,False
52,0,1490,4,2,4,0,30,3,4,4,16555,10310,2,0,13,3,4,0,31,2,1,5,2,1,4,0.16129032258064516,1.0248235731088275,0.2,False,True,True,False,True,False,False,False,False,False,False,True,False,False,False,False,False,True,False
42,0,532,29,2,1,0,92,3,2,3,4556,12932,2,0,11,3,2,1,19,3,3,5,4,0,2,0.2631578947368421,0.853183520599251,0.0,True,False,True,False,True,False,False,False,False,False,False,False,False,False,True,False,False,False,False
30,0,317,2,3,3,0,43,1,2,4,6091,24793,2,0,20,4,3,0,11,2,3,5,4,0,2,0.45454545454545453,1.1406367041198502,0.0,False,True,True,False,True,False,False,False,False,False,False,False,True,False,False,False,False,False,True
60,0,422,7,3,1,0,41,3,5,1,19566,3854,5,0,11,3,4,0,33,5,1,29,8,11,10,0.8787878787878788,1.0173668885191347,0.3793103448275862,False,True,True,False,True,False,False,False,False,False,False,True,False,False,False,False,False,True,False
46,0,1485,18,3,3,0,87,3,2,3,4810,26314,2,0,14,3,3,1,19,5,2,10,7,0,8,0.5263157894736842,0.900749063670412,0.0,False,True,True,False,False,False,True,False,False,False,False,False,True,False,False,False,False,False,False
42,0,1368,28,4,4,0,88,2,2,4,4523,4386,0,0,11,3,4,3,7,4,4,6,5,0,4,0.8571428571428571,0.8470037453183521,0.0,True,False,True,False,False,False,False,False,True,False,False,False,False,False,False,False,False,True,False
24,1,1448,1,1,1,0,62,3,1,2,3202,21972,1,1,16,3,2,0,6,4,3,5,3,1,4,0.8333333333333334,1.199250936329588,0.2,False,True,False,True,False,False,False,False,True,False,False,False,False,False,False,False,True,False,True
34,1,296,6,2,4,0,33,1,1,3,2351,12253,0,0,16,3,4,1,3,3,2,2,2,1,0,0.6666666666666666,0.8805243445692884,0.5,True,False,False,True,False,True,False,False,False,False,False,False,False,False,False,False,True,False,False
38,0,1490,2,2,4,1,42,3,1,4,1702,12106,1,1,23,4,3,1,1,3,3,1,0,0,0,1.0,0.6374531835205992,0.0,True,False,True,False,True,False,False,False,False,False,True,False,False,False,False,False,False,True,False
40,0,1398,2,4,3,0,79,3,5,3,18041,13022,0,0,14,3,4,0,21,2,3,20,15,1,12,0.9523809523809523,0.9380719633943427,0.05,False,True,False,True,True,False,False,False,False,False,False,True,False,False,False,False,False,True,False
26,0,1349,23,3,1,0,90,3,1,4,2886,3032,1,0,22,4,2,2,3,3,1,3,2,0,2,1.0,1.0808988764044944,0.0,False,True,True,False,True,False,False,False,False,False,False,False,False,False,True,False,False,False,False
30,0,1400,3,3,3,1,53,3,1,4,2097,16734,4,0,15,3,3,1,9,3,1,5,3,1,4,0.5555555555555556,0.7853932584269663,0.2,False,False,True,False,True,False,False,False,False,False,True,False,False,False,False,False,False,True,False
29,0,986,3,4,2,1,93,2,3,3,11935,21526,1,0,18,3,3,0,10,2,3,10,2,0,7,1.0,1.1958917835671343,0.0,False,True,True,False,False,False,True,False,False,False,False,False,False,True,False,False,False,True,False
29,1,408,25,5,3,0,71,2,1,2,2546,18300,5,0,16,3,2,0,6,2,4,2,2,1,1,0.3333333333333333,0.9535580524344569,0.5,False,True,True,False,False,False,False,False,True,False,False,False,False,False,True,False,False,True,False
19,1,489,2,2,1,1,52,2,1,4,2564,18437,1,0,12,3,3,0,1,3,4,1,0,0,0,1.0,0.9602996254681648,0.0,False,True,False,False,False,False,False,False,True,True,False,False,False,False,False,False,False,False,True
30,0,1398,22,4,3,0,69,3,3,1,8412,2890,0,0,11,3,3,0,10,3,3,9,8,7,8,0.9,0.8428857715430862,0.7777777777777778,False,False,False,True,False,False,False,True,False,False,False,False,False,False,False,True,False,True,False
57,0,210,29,3,1,1,56,2,4,4,14118,22102,3,0,12,3,3,1,32,3,2,1,0,0,0,0.03125,0.8739631051132847,0.0,False,True,False,True,False,True,False,False,False,False,False,True,False,False,False,False,False,False,False
50,0,1099,29,4,2,1,88,2,4,3,17046,9314,0,0,15,3,2,1,28,2,3,27,10,15,7,0.9642857142857143,1.0552185217283645,0.5555555555555556,False,True,True,False,True,False,False,False,False,False,False,True,False,False,False,False,False,True,False
30,0,1116,2,3,3,0,49,3,1,4,2564,7181,0,0,14,3,3,0,12,2,2,11,7,6,7,0.9166666666666666,0.9602996254681648,0.5454545454545454,False,False,True,False,False,False,True,False,False,False,True,False,False,False,False,False,False,False,True
60,0,1499,28,3,3,0,80,2,3,1,10266,2845,4,0,19,3,4,0,22,5,4,18,13,13,11,0.8181818181818182,1.0286573146292586,0.7222222222222222,True,False,False,True,False,True,False,False,False,False,False,False,False,False,False,True,False,True,False
47,0,983,2,2,1,0,65,3,2,4,5070,7389,5,0,13,3,3,3,20,2,3,5,0,0,4,0.25,0.949438202247191,0.0,False,True,True,False,False,False,True,False,False,False,False,False,True,False,False,False,False,False,False
46,0,1009,2,3,1,1,51,3,4,3,17861,2288,6,0,13,3,3,0,26,2,1,3,2,0,1,0.11538461538461539,1.1056704221864553,0.0,False,True,True,False,True,False,False,False,False,False,False,False,False,True,False,False,False,True,False
35,0,144,22,3,4,1,46,1,1,3,4230,19225,0,0,15,3,3,0,6,2,3,5,4,4,3,0.8333333333333334,1.5842696629213484,0.8,False,True,True,False,True,False,False,False,False,False,True,False,False,False,False,False,False,False,True
54,0,548,8,4,3,0,42,3,2,3,3780,23428,7,0,11,3,3,0,19,3,3,1,0,0,0,0.05263157894736842,0.7078651685393258,0.0,False,True,True,False,True,False,False,False,False,False,True,False,False,False,False,False,False,False,True
34,0,1303,2,4,4,1,62,2,1,3,2768,8416,3,0,12,3,3,1,14,3,3,7,3,5,7,0.5,1.0367041198501872,0.7142857142857143,False,True,True,False,True,False,False,False,False,False,False,False,False,False,True,False,False,False,False
46,0,1125,10,3,3,0,94,2,3,4,9071,11563,2,1,19,3,3,1,15,3,3,3,2,1,2,0.2,0.9089178356713427,0.3333333333333333,False,True,False,True,False,True,False,False,False,False,False,False,False,False,False,True,False,True,False
31,0,1274,9,1,3,1,33,3,3,2,10648,14394,1,0,25,4,4,1,13,6,4,13,8,0,8,1.0,1.066933867735471,0.0,False,True,True,False,True,False,False,False,False,False,False,False,True,False,False,False,False,False,False
33,1,1277,15,1,2,1,56,3,3,3,13610,24619,7,1,12,3,4,0,15,2,4,7,6,7,7,0.4666666666666667,1.3637274549098197,1.0,False,True,True,False,False,False,True,False,False,False,False,True,False,False,False,False,False,True,False
33,1,587,10,1,1,1,38,1,1,4,3408,6705,7,0,13,3,1,3,8,2,3,4,3,1,3,0.5,1.2764044943820225,0.25,False,True,True,False,False,False,True,False,False,False,True,False,False,False,False,False,False,False,False
30,0,413,7,1,4,1,57,3,1,2,2983,18398,0,0,14,3,1,0,4,3,3,3,2,1,2,0.75,1.1172284644194757,0.3333333333333333,False,True,False,True,False,True,False,False,False,False,False,False,False,False,False,False,True,False,True
35,0,1276,16,3,4,1,72,3,3,3,7632,14295,4,1,12,3,3,0,10,2,3,8,7,0,0,0.8,0.7647294589178357,0.0,False,True,True,False,True,False,False,False,False,False,False,False,False,False,False,False,False,True,False
31,1,534,20,3,1,1,66,3,3,3,9824,22908,3,0,12,3,1,0,12,2,3,1,0,0,0,0.08333333333333333,0.9843687374749499,0.0,True,False,True,False,True,False,False,False,False,False,False,False,False,False,False,False,False,True,False
34,1,988,23,3,2,0,43,3,3,1,9950,11533,9,1,15,3,3,3,11,2,3,3,2,0,2,0.2727272727272727,0.996993987975952,0.0,True,False,False,False,False,False,False,False,False,True,False,False,False,False,False,False,False,False,False
42,0,1474,5,2,2,1,97,3,1,3,2093,9260,4,0,17,3,4,1,8,4,3,2,2,2,0,0.25,0.7838951310861423,1.0,True,False,True,False,False,False,False,True,False,False,True,False,False,False,False,False,False,True,False
36,0,635,10,4,2,1,32,3,3,4,9980,15318,1,0,14,3,4,0,10,3,2,10,3,9,7,1.0,1.0,0.9,False,False,False,True,False,False,True,False,False,False,False,False,False,False,False,True,False,False,True
22,1,1368,4,1,3,1,99,2,1,3,3894,9129,5,0,16,3,3,0,4,3,3,2,2,1,2,0.5,1.4584269662921348,0.5,True,False,True,False,False,False,False,False,True,False,True,False,False,False,False,False,False,False,True
48,0,163,2,5,2,0,37,3,2,4,4051,19658,2,0,14,3,1,1,14,2,3,9,7,6,7,0.6428571428571429,0.7586142322097378,0.6666666666666666,False,True,False,True,False,True,False,False,False,False,False,False,False,False,False,True,False,True,False
55,0,1117,18,5,1,0,83,3,4,2,16835,9873,3,0,23,4,4,0,37,2,3,10,9,7,7,0.2702702702702703,1.042156741364368,0.7,False,True,False,True,True,False,False,False,False,False,False,True,False,False,False,False,False,False,True
41,0,267,10,2,4,1,56,3,2,4,6230,13430,7,0,14,3,4,0,16,3,3,14,3,1,10,0.875,1.1666666666666667,0.07142857142857142,False,False,False,True,True,False,False,False,False,False,False,False,False,False,False,True,False,False,True
35,0,619,1,3,2,1,85,3,2,3,4717,18659,9,0,11,3,3,0,15,2,3,11,9,6,9,0.7333333333333333,0.8833333333333333,0.5454545454545454,False,True,False,True,False,True,False,False,False,False,False,False,False,False,False,True,False,True,False
40,0,302,6,3,2,0,75,3,4,3,13237,20364,7,0,15,3,3,0,22,3,3,20,6,5,13,0.9090909090909091,0.8194255292806735,0.25,False,True,True,False,True,False,False,False,False,False,False,False,True,False,False,False,False,False,True
39,0,443,8,1,3,0,48,3,1,3,3755,17872,1,0,11,3,1,1,8,3,3,8,3,0,7,1.0,1.4063670411985019,0.0,True,False,True,False,True,False,False,False,False,False,True,False,False,False,False,False,False,True,False
31,0,828,2,1,2,1,77,3,2,4,6582,8346,4,1,13,3,3,0,10,2,4,6,5,0,5,0.6,1.2325842696629215,0.0,False,True,False,True,True,False,False,False,False,False,False,False,False,False,False,True,False,False,True
42,0,319,24,3,4,1,56,3,3,1,7406,6950,1,1,21,4,4,1,10,5,2,10,9,5,8,1.0,0.7420841683366733,0.5,False,True,True,False,False,False,True,False,False,False,False,False,True,False,False,False,False,True,False
45,0,561,2,3,4,1,61,3,2,2,4805,16177,0,0,19,3,2,1,9,3,4,8,7,3,7,0.8888888888888888,0.899812734082397,0.375,False,True,False,True,False,False,False,True,False,False,False,False,False,False,False,True,False,True,False
26,1,426,17,4,2,0,58,3,1,3,2741,22808,0,1,11,3,2,1,8,2,2,7,7,1,0,0.875,1.0265917602996255,0.14285714285714285,True,False,False,False,True,False,False,False,False,True,False,False,False,False,False,False,False,False,False
29,0,232,19,3,4,1,34,3,2,4,4262,22645,4,0,12,3,2,2,8,2,4,3,2,1,2,0.375,0.7981273408239701,0.3333333333333333,False,True,True,False,False,False,False,False,True,False,False,False,True,False,False,False,False,False,False
33,0,922,1,5,1,0,95,4,4,3,16184,22578,4,0,19,3,3,1,10,2,3,6,1,0,5,0.6,1.0018571251702364,0.0,False,True,True,False,False,False,True,False,False,False,False,False,False,True,False,False,False,False,False
31,0,688,7,3,3,1,44,2,3,4,11557,25291,9,0,21,4,3,1,10,3,2,5,4,0,1,0.5,1.1580160320641282,0.0,False,True,False,True,True,False,False,False,False,False,False,True,False,False,False,False,False,False,False
18,1,1306,5,3,2,1,69,3,1,2,1878,8059,1,1,14,3,4,0,0,3,3,0,0,0,0,0.0,0.7033707865168539,0.0,True,False,False,True,False,True,False,False,False,False,False,False,False,False,False,False,True,False,True
40,0,1094,28,3,3,1,58,1,3,1,10932,11373,3,0,15,3,3,1,20,2,3,1,0,0,1,0.05,1.0953907815631263,0.0,False,False,False,True,False,False,False,True,False,False,False,False,False,False,False,True,False,False,False
41,0,509,2,4,1,0,62,2,2,3,6811,2112,2,1,17,3,1,0,10,3,3,8,7,0,7,0.8,1.2754681647940076,0.0,False,False,True,False,False,False,False,True,False,False,False,False,False,False,False,False,False,False,True
26,0,775,29,2,1,1,45,3,2,3,4306,4267,5,0,12,3,1,2,8,5,3,0,0,0,0,0.0,0.8063670411985019,0.0,False,True,False,True,False,False,True,False,False,False,False,False,False,False,False,True,False,False,False
35,0,195,1,3,1,0,80,3,2,3,4859,6698,1,0,16,3,4,0,5,3,3,5,4,0,3,1.0,0.9099250936329588,0.0,False,True,False,True,False,False,True,False,False,False,False,False,False,False,False,True,False,False,True
34,0,258,21,4,4,1,74,4,2,4,5337,19921,1,0,12,3,4,0,10,3,3,10,7,5,7,1.0,0.999438202247191,0.5,False,True,False,True,True,False,False,False,False,False,False,False,False,False,False,True,False,False,True
26,1,471,24,3,3,1,66,1,1,4,2340,23213,1,1,18,3,2,0,1,3,1,1,0,0,0,1.0,0.8764044943820225,0.0,False,True,True,False,False,False,False,False,True,False,True,False,False,False,False,False,False,False,True
37,0,799,1,3,2,0,59,3,3,4,7491,23848,4,0,17,3,4,0,12,3,4,6,5,1,2,0.5,0.7506012024048097,0.16666666666666666,False,True,True,False,False,False,False,False,True,False,False,False,True,False,False,False,False,False,True
46,0,1034,18,1,1,0,86,3,3,3,10527,8984,5,0,11,3,4,0,28,3,2,2,2,1,2,0.07142857142857142,1.054809619238477,0.5,True,False,True,False,False,False,True,False,False,False,False,False,False,False,False,False,False,True,False
41,0,1276,2,5,2,0,91,3,4,1,16595,5626,7,0,16,3,2,1,22,2,3,18,16,11,8,0.8181818181818182,1.0272997400024761,0.6111111111111112,False,True,False,True,True,False,False,False,False,False,False,True,False,False,False,False,False,True,False
37,0,142,9,4,1,1,69,3,3,2,8834,24666,1,0,13,3,4,1,9,6,3,9,5,7,7,1.0,0.8851703406813627,0.7777777777777778,False,False,False,True,False,False,True,False,False,False,False,False,False,False,False,True,False,False,False
52,0,956,6,2,4,1,78,3,2,1,5577,22087,3,1,12,3,2,2,18,3,3,10,9,6,9,0.5555555555555556,1.04438202247191,0.6,False,True,True,False,False,False,False,False,True,False,False,False,False,False,True,False,False,False,False
32,1,1474,11,4,4,1,60,4,2,3,4707,23914,8,0,12,3,4,0,6,2,3,4,2,1,2,0.6666666666666666,0.8814606741573033,0.25,False,False,False,True,False,False,False,True,False,False,False,False,False,False,False,True,False,True,False
24,0,535,24,3,4,1,38,3,1,4,2400,5530,0,0,13,3,3,2,3,3,3,2,2,2,1,0.6666666666666666,0.898876404494382,1.0,True,False,False,True,False,False,True,False,False,False,False,False,False,False,False,False,True,True,False
38,0,1495,10,3,3,0,76,3,2,3,9824,22174,3,0,19,3,3,1,18,4,3,1,0,0,0,0.05555555555555555,1.8397003745318352,0.0,False,True,True,False,False,False,True,False,False,False,False,False,False,False,False,False,False,True,False
37,0,446,1,4,2,0,65,3,2,2,6447,15701,6,0,12,3,2,1,8,2,2,6,5,4,3,0.75,1.2073033707865168,0.6666666666666666,False,True,True,False,True,False,False,False,False,False,False,False,True,False,False,False,False,True,False
49,0,1245,18,4,4,1,58,2,5,3,19502,2125,1,1,17,3,3,1,31,5,3,31,9,0,9,1.0,1.014039101497504,0.0,False,True,True,False,True,False,False,False,False,False,False,False,False,True,False,False,False,False,False
24,0,691,23,3,2,1,89,4,1,4,2725,21630,1,1,11,3,2,2,6,3,3,6,5,1,4,1.0,1.0205992509363295,0.16666666666666666,False,True,True,False,False,False,True,False,False,False,False,False,False,False,True,False,False,True,False
26,0,703,28,2,1,1,66,3,2,2,6272,7428,1,0,20,4,4,2,6,5,4,5,3,1,4,0.8333333333333334,1.1745318352059926,0.2,False,True,False,True,False,True,False,False,False,False,False,False,False,False,False,True,False,True,False
24,0,823,17,2,4,1,94,2,1,2,2127,9100,1,0,21,4,4,1,1,2,3,1,0,0,0,1.0,0.7966292134831461,0.0,False,True,True,False,False,False,False,True,False,False,True,False,False,False,False,False,False,True,False
50,0,1246,3,3,1,1,99,3,5,2,18200,7999,1,0,11,3,3,1,32,2,3,32,5,10,7,1.0,0.9463394342762064,0.3125,True,False,False,False,False,False,True,False,False,False,False,True,False,False,False,False,False,True,False
25,0,622,13,1,2,1,40,3,1,3,2096,26376,1,0,11,3,3,0,7,1,3,7,4,0,6,1.0,0.7850187265917603,0.0,False,True,False,True,False,False,True,False,False,False,False,False,False,False,False,False,True,True,False
24,1,1287,7,3,1,0,55,3,1,3,2886,14168,1,1,16,3,4,1,6,4,3,6,3,1,2,1.0,1.0808988764044944,0.16666666666666666,True,False,True,False,True,False,False,False,False,False,True,False,False,False,False,False,False,True,False
30,1,448,12,4,2,1,74,2,1,1,2033,14470,1,0,18,3,3,1,1,2,4,1,0,0,0,1.0,0.7614232209737828,0.0,True,False,False,True,True,False,False,False,False,False,False,False,False,False,False,False,True,True,False
34,0,254,1,2,2,1,83,2,1,4,3622,22794,1,1,13,3,4,1,6,3,3,6,5,1,3,1.0,1.3565543071161048,0.16666666666666666,False,True,True,False,True,False,False,False,False,False,False,False,False,False,True,False,False,True,False
31,1,1365,13,4,2,1,46,3,2,1,4233,11512,2,0,17,3,3,0,9,2,1,3,1,1,2,0.3333333333333333,0.7926966292134832,0.3333333333333333,False,True,False,True,False,False,True,False,False,False,False,False,False,False,False,True,False,False,False
35,0,538,25,2,1,1,54,2,2,4,3681,14004,4,0,14,3,4,0,9,3,3,3,2,0,2,0.3333333333333333,0.6893258426966292,0.0,False,True,True,False,False,False,False,True,False,False,True,False,False,False,False,False,False,False,True
31,0,525,6,4,1,1,66,4,2,4,5460,6219,4,0,22,4,4,2,13,4,4,7,7,5,7,0.5384615384615384,1.0224719101123596,0.7142857142857143,False,True,False,True,False,False,True,False,False,False,False,False,False,False,False,True,False,False,False
27,0,798,6,4,1,0,66,2,1,3,2187,5013,0,0,12,3,3,2,6,5,2,5,3,0,3,0.8333333333333334,0.8191011235955056,0.0,False,True,True,False,False,False,True,False,False,False,False,False,False,False,True,False,False,False,False
37,0,558,2,3,4,1,75,3,2,3,9602,3010,4,1,11,3,3,1,17,3,2,3,0,1,0,0.17647058823529413,1.79812734082397,0.3333333333333333,False,True,False,True,False,True,False,False,False,False,False,False,False,False,False,True,False,True,False
20,0,959,1,3,4,0,83,2,1,2,2836,11757,1,0,13,3,4,0,1,0,4,1,0,0,0,1.0,1.0621722846441948,0.0,False,True,True,False,True,False,False,False,False,False,False,False,False,False,True,False,False,False,True
42,0,622,2,4,3,0,81,3,2,4,4089,5718,1,0,13,3,2,2,10,4,3,10,2,2,2,1.0,0.7657303370786517,0.2,False,True,True,False,True,False,False,False,False,False,False,False,False,False,False,False,False,True,False
43,0,782,6,4,2,1,50,2,4,4,16627,2671,4,1,14,3,3,1,21,3,2,1,0,0,0,0.047619047619047616,1.0292806735173952,0.0,False,True,True,False,False,False,False,True,False,False,False,False,False,True,False,False,False,False,False
38,0,362,1,1,3,0,43,3,1,1,2619,14561,3,0,17,3,4,0,8,3,2,0,0,0,0,0.0,0.9808988764044944,0.0,False,True,True,False,True,False,False,False,False,False,False,False,False,False,True,False,False,False,True
43,0,1001,9,5,4,1,72,3,2,3,5679,19627,3,1,13,3,2,1,10,3,3,8,7,4,7,0.8,1.0634831460674157,0.5,True,False,True,False,False,False,True,False,False,False,True,False,False,False,False,False,False,False,False
48,0,1236,1,4,4,0,40,2,4,1,15402,17997,7,0,11,3,1,1,21,3,1,3,2,0,2,0.14285714285714285,0.9534480623994057,0.0,False,True,True,False,True,False,False,False,False,False,False,True,False,False,False,False,False,True,False
44,0,1112,1,4,1,0,50,2,2,3,5985,26894,4,0,11,3,2,0,10,1,4,2,2,0,2,0.2,1.1207865168539326,0.0,False,True,False,False,True,False,False,False,False,True,False,False,False,False,False,False,False,False,True
34,0,204,14,3,3,0,31,3,1,3,2579,2912,1,1,18,3,4,2,8,3,3,8,2,0,6,1.0,0.9659176029962547,0.0,False,True,False,True,False,False,False,False,True,False,False,False,False,False,False,False,True,False,False
27,1,1420,2,1,3,1,85,3,1,1,3041,16346,0,0,11,3,2,1,5,3,3,4,3,0,2,0.8,1.1389513108614233,0.0,False,True,False,True,False,True,False,False,False,False,False,False,False,False,False,False,True,False,False
21,0,1343,22,1,3,1,49,3,1,3,3447,24444,1,0,11,3,3,0,3,2,3,3,2,1,2,1.0,1.291011235955056,0.3333333333333333,False,True,False,True,False,False,False,False,True,False,False,False,False,False,False,False,True,False,True
44,0,1315,3,4,4,1,35,3,5,4,19513,9358,4,1,12,3,1,1,26,2,4,2,2,0,1,0.07692307692307693,1.014611064891847,0.0,False,True,True,False,False,False,False,True,False,False,False,True,False,False,False,False,False,True,False
22,0,604,6,1,1,1,69,3,1,3,2773,12145,0,0,20,4,4,0,3,3,3,2,2,2,2,0.6666666666666666,1.0385767790262173,1.0,False,True,True,False,False,False,True,False,False,False,False,False,False,False,True,False,False,True,False
33,0,1216,8,4,3,1,39,3,2,3,7104,20431,0,0,12,3,4,0,6,3,3,5,0,1,2,0.8333333333333334,1.3303370786516855,0.2,False,True,False,True,False,True,False,False,False,False,False,False,False,False,False,True,False,False,False
32,0,646,9,4,1,0,92,3,2,4,6322,18089,1,1,12,3,4,1,6,2,2,6,4,0,5,1.0,1.1838951310861423,0.0,False,True,True,False,True,False,False,False,False,False,False,False,False,False,True,False,False,True,False
30,0,160,3,3,3,0,71,3,1,3,2083,22653,1,0,20,4,3,1,1,2,3,1,0,0,0,1.0,0.7801498127340823,0.0,True,False,True,False,False,False,True,False,False,False,False,False,False,False,True,False,False,False,False
53,0,238,1,1,4,0,34,3,2,1,8381,7507,7,0,20,4,4,0,18,2,4,14,7,8,10,0.7777777777777778,1.5694756554307117,0.5714285714285714,False,True,False,True,False,False,True,False,False,False,False,False,False,False,False,True,False,False,True
34,0,1397,1,5,2,1,42,3,1,4,2691,7660,1,0,12,3,4,1,10,4,2,10,9,8,8,1.0,1.0078651685393258,0.8,False,True,True,False,True,False,False,False,False,False,False,False,False,False,True,False,False,True,False
45,1,306,26,4,1,0,100,3,2,1,4286,5630,2,0,14,3,4,2,5,4,3,1,1,0,0,0.2,0.802621722846442,0.0,True,False,False,True,True,False,False,False,False,False,False,False,False,False,False,True,False,True,False
26,0,991,6,3,3,0,71,3,1,4,2659,17759,1,1,13,3,3,1,3,2,3,3,2,0,2,1.0,0.9958801498127341,0.0,False,True,True,False,True,False,False,False,False,False,True,False,False,False,False,False,False,True,False
37,0,482,3,3,3,1,36,3,3,3,9434,9606,1,0,15,3,3,1,10,2,3,10,7,7,8,1.0,0.9452905811623247,0.7,False,True,True,False,False,False,False,True,False,False,False,False,True,False,False,False,False,True,False
29,0,1176,3,2,2,0,62,3,2,3,5561,3487,1,0,14,3,1,1,6,5,2,6,0,1,2,1.0,1.0413857677902623,0.16666666666666666,False,True,False,True,False,False,True,False,False,False,False,False,False,False,False,True,False,True,False
35,0,1017,6,4,2,1,82,1,2,4,6646,19368,1,0,13,3,2,0,17,3,3,17,11,11,8,1.0,1.2445692883895132,0.6470588235294118,False,True,True,False,True,False,False,False,False,False,False,False,False,False,True,False,False,False,True
33,0,1296,6,3,3,1,30,3,2,4,7725,5335,3,0,23,4,3,1,15,2,1,13,11,4,7,0.8666666666666667,1.446629213483146,0.3076923076923077,True,False,True,False,True,False,False,False,False,False,False,False,False,False,False,False,False,False,False
54,0,397,19,4,3,1,88,3,3,2,10725,6729,2,0,15,3,3,1,16,1,4,9,7,7,1,0.5625,1.0746492985971945,0.7777777777777778,False,True,False,False,False,False,True,False,False,True,False,False,False,False,False,False,False,True,False
36,0,913,9,2,2,1,48,2,2,2,8847,13934,2,1,11,3,3,1,13,2,3,3,2,0,2,0.23076923076923078,1.6567415730337078,0.0,False,True,True,False,False,False,True,False,False,False,False,False,True,False,False,False,False,False,False
27,0,1115,3,4,1,1,54,2,1,4,2045,15174,0,0,13,3,4,0,5,0,3,4,2,1,1,0.8,0.7659176029962547,0.25,False,True,True,False,False,False,True,False,False,False,False,False,False,False,True,False,False,False,True
20,1,1362,10,1,4,1,32,3,1,3,1009,26999,1,1,11,3,4,0,1,5,3,1,0,1,1,1.0,0.37790262172284644,1.0,False,True,True,False,False,False,True,False,False,False,False,False,False,False,True,False,False,False,True
33,1,1076,3,3,1,1,70,3,1,1,3348,3164,1,1,11,3,1,0,10,3,3,10,8,9,7,1.0,1.253932584269663,0.9,True,False,True,False,True,False,False,False,False,False,False,False,False,False,True,False,False,False,True
35,0,727,3,3,3,1,41,2,1,3,1281,16900,1,0,18,3,3,2,1,3,3,1,0,0,0,1.0,0.4797752808988764,0.0,False,False,True,False,True,False,False,False,False,False,True,False,False,False,False,False,False,True,False
23,0,885,4,3,1,1,58,4,1,1,2819,8544,2,0,16,3,1,1,5,3,4,3,2,0,2,0.6,1.0558052434456928,0.0,False,True,True,False,False,False,True,False,False,False,False,False,False,False,True,False,False,True,False
25,0,810,8,3,4,1,57,4,2,2,4851,15678,0,0,22,4,3,1,4,4,3,3,2,1,2,0.75,0.9084269662921348,0.3333333333333333,False,True,False,True,True,False,False,False,False,False,False,False,False,False,False,True,False,True,False
38,0,243,7,4,4,0,46,2,2,4,4028,7791,0,0,20,4,1,0,8,2,3,7,7,0,5,0.875,0.7543071161048689,0.0,False,True,False,True,False,True,False,False,False,False,False,False,False,False,False,True,False,False,True
29,0,806,1,4,2,1,76,1,1,4,2720,18959,1,0,18,3,4,1,10,5,3,10,7,2,8,1.0,1.0187265917602997,0.2,True,False,True,False,True,False,False,False,False,False,False,False,False,False,True,False,False,False,False
48,0,817,2,1,2,1,56,4,2,2,8120,18597,3,0,12,3,4,0,12,3,3,2,2,2,2,0.16666666666666666,1.5205992509363295,1.0,False,True,False,True,False,True,False,False,False,False,False,False,False,False,False,True,False,True,False
27,0,1410,3,1,4,0,71,4,2,4,4647,16673,1,1,20,4,2,2,6,3,3,6,5,0,4,1.0,0.8702247191011236,0.0,True,False,False,True,False,False,True,False,False,False,False,False,False,False,False,True,False,False,False
37,0,1225,10,2,4,1,80,4,1,4,4680,15232,3,0,17,3,1,0,4,2,3,1,0,0,0,0.25,1.752808988764045,0.0,False,True,True,False,True,False,False,False,False,False,False,False,False,False,True,False,False,False,True
50,0,1207,28,1,4,1,74,4,1,3,3221,3297,1,1,11,3,3,3,20,3,3,20,8,3,8,1.0,1.206367041198502,0.15,False,True,True,False,False,False,True,False,False,False,True,False,False,False,False,False,False,True,False
34,0,1442,9,3,4,0,46,2,3,2,8621,17654,1,0,14,3,2,0,9,3,4,8,7,7,7,0.8888888888888888,0.8638276553106212,0.875,False,True,True,False,False,False,True,False,False,False,False,False,False,False,False,False,False,False,True
24,1,693,3,2,1,0,65,3,2,3,4577,24785,9,0,14,3,1,0,4,3,3,2,2,2,0,0.5,0.8571161048689139,1.0,False,True,False,True,True,False,False,False,False,False,False,False,False,False,False,True,False,False,True
39,0,408,2,4,4,0,80,2,2,3,4553,20978,1,0,11,3,1,0,20,4,3,20,7,11,10,1.0,0.852621722846442,0.55,False,True,True,False,False,False,False,False,True,False,False,False,False,False,False,False,False,False,True
32,0,929,10,3,4,1,55,3,2,4,5396,21703,1,0,12,3,4,0,10,2,2,10,7,0,8,1.0,1.0104868913857679,0.0,False,True,False,True,False,True,False,False,False,False,False,False,False,False,False,True,False,False,True
50,1,562,8,2,2,1,50,3,2,3,6796,23452,3,1,14,3,1,1,18,4,3,4,3,1,3,0.2222222222222222,1.2726591760299626,0.25,True,False,False,True,False,False,False,False,True,False,False,False,False,False,False,True,False,True,False
38,0,827,1,4,2,0,33,4,2,4,7625,19383,0,0,13,3,3,0,10,4,2,9,7,1,8,0.9,1.4279026217228465,0.1111111111111111,False,True,True,False,True,False,False,False,False,False,False,False,False,False,False,False,False,False,True
27,0,608,1,2,3,0,68,3,3,1,7412,6009,1,0,11,3,4,0,9,3,3,9,7,0,7,1.0,0.742685370741483,0.0,False,True,True,False,True,False,False,False,False,False,False,False,True,False,False,False,False,True,False
32,0,1018,3,2,3,0,39,3,3,4,11159,19373,3,0,15,3,4,0,10,6,3,7,7,7,7,0.7,1.11813627254509,1.0,False,True,True,False,True,False,False,False,False,False,False,False,False,True,False,False,False,False,True
47,0,703,14,4,4,1,42,3,2,1,4960,11825,2,0,12,3,4,0,20,2,3,7,7,1,7,0.35,0.9288389513108615,0.14285714285714285,False,True,False,True,False,True,False,False,False,False,False,False,False,False,False,True,False,False,True
40,0,580,5,4,4,1,48,2,3,1,10475,23772,5,1,21,4,3,1,20,2,3,18,13,1,12,0.9,1.0495991983967936,0.05555555555555555,True,False,False,True,True,False,False,False,False,False,False,False,False,False,False,True,False,True,False
53,0,970,7,3,3,1,59,4,4,3,14814,13514,3,0,19,3,3,0,32,3,3,5,1,1,3,0.15625,0.9170484090627709,0.2,False,True,True,False,True,False,False,False,False,False,False,False,False,True,False,False,False,True,False
41,0,427,10,4,2,1,73,2,5,4,19141,8861,3,0,15,3,2,3,23,2,2,21,6,12,6,0.9130434782608695,0.995268302828619,0.5714285714285714,False,True,False,False,False,False,False,False,False,False,False,True,False,False,False,False,False,False,False
60,0,1179,16,4,1,1,84,3,2,1,5405,11924,8,0,14,3,4,0,10,1,3,2,2,2,2,0.2,1.0121722846441947,1.0,False,True,False,True,False,True,False,False,False,False,False,False,False,False,False,True,False,False,True
27,0,294,10,2,4,1,32,3,3,1,8793,4809,1,0,21,4,3,2,9,4,2,9,7,1,7,1.0,0.881062124248497,0.1111111111111111,True,False,True,False,True,False,False,False,False,False,False,False,True,False,False,False,False,False,False
41,0,314,1,3,4,1,59,2,5,3,19189,19562,1,0,12,3,2,1,22,3,3,22,7,2,10,1.0,0.997764143094842,0.09090909090909091,False,True,False,False,False,False,False,False,False,False,False,True,False,False,False,False,False,True,False
50,0,316,8,4,4,1,54,3,1,2,3875,9983,7,0,15,3,4,1,4,2,3,2,2,2,2,0.5,1.451310861423221,1.0,False,True,False,True,False,True,False,False,False,False,False,False,False,False,False,False,True,True,False
28,1,654,1,2,1,0,67,1,1,2,2216,3872,7,1,13,3,4,0,10,4,3,7,7,3,7,0.7,0.8299625468164794,0.42857142857142855,False,True,True,False,True,False,False,False,False,False,False,False,False,False,True,False,False,False,True
36,0,427,8,3,1,0,63,4,3,1,11713,20335,9,0,14,3,1,1,10,2,3,8,7,0,5,0.8,1.1736472945891783,0.0,False,False,True,False,True,False,False,False,False,False,False,False,False,True,False,False,False,True,False
38,0,168,1,3,3,0,81,3,3,3,7861,15397,4,1,14,3,4,0,10,4,4,1,0,0,0,0.1,0.7876753507014028,0.0,False,True,True,False,True,False,False,False,False,False,False,False,True,False,False,False,False,False,True
44,0,381,24,3,1,1,49,1,1,3,3708,2104,2,0,14,3,3,0,9,5,3,5,2,1,4,0.5555555555555556,1.3887640449438203,0.2,False,False,True,False,False,False,True,False,False,False,True,False,False,False,False,False,False,False,True
47,0,217,3,3,4,0,49,3,4,3,13770,10225,9,1,12,3,4,2,28,2,2,22,2,11,13,0.7857142857142857,0.8524204531385415,0.5,True,False,False,True,False,False,True,False,False,False,False,False,False,False,False,True,False,False,False
30,0,501,27,5,3,1,99,3,2,4,5304,25275,7,0,23,4,4,1,10,2,2,8,7,7,7,0.8,0.9932584269662922,0.875,False,True,False,True,False,True,False,False,False,False,False,False,False,False,False,True,False,False,False
29,0,1396,10,3,3,1,99,3,1,3,2642,2755,1,0,11,3,3,0,1,6,3,1,0,0,0,1.0,0.9895131086142323,0.0,False,True,False,True,True,False,False,False,False,False,False,False,False,False,False,False,True,False,True
42,1,933,19,3,3,1,57,4,1,3,2759,20366,6,1,12,3,4,0,7,2,3,2,2,2,2,0.2857142857142857,1.0333333333333334,1.0,True,False,True,False,False,False,True,False,False,False,False,False,False,False,True,False,False,False,False
43,0,775,15,3,4,1,47,2,2,4,6804,23683,3,0,18,3,3,1,7,5,3,2,2,2,2,0.2857142857142857,1.2741573033707865,1.0,True,False,False,True,True,False,False,False,False,False,False,False,False,False,False,True,False,True,False
34,0,970,8,2,2,0,96,3,2,3,6142,7360,3,0,11,3,4,0,10,2,3,5,1,4,3,0.5,1.150187265917603,0.8,False,True,True,False,False,False,True,False,False,False,False,False,False,False,False,False,False,False,True
23,0,650,9,1,2,1,37,3,1,1,2500,4344,1,0,14,3,4,1,5,2,4,4,3,0,2,0.8,0.9363295880149812,0.0,False,True,True,False,False,False,True,False,False,False,True,False,False,False,False,False,False,True,False
39,0,141,3,3,3,0,44,4,2,2,6389,18767,9,0,15,3,3,1,12,3,1,8,3,3,6,0.6666666666666666,1.196441947565543,0.375,False,True,False,False,False,False,False,False,False,True,False,False,False,False,False,False,False,True,False
56,0,832,9,3,3,1,81,3,4,4,11103,20420,7,0,11,3,3,0,30,1,2,10,7,1,1,0.3333333333333333,0.687322025504519,0.1,False,True,True,False,False,False,True,False,False,False,False,False,False,False,False,False,False,True,False
40,0,804,2,1,4,0,86,2,1,4,2342,22929,0,1,20,4,4,0,5,2,2,4,2,2,3,0.8,0.8771535580524344,0.5,False,True,True,False,False,False,True,False,False,False,False,False,False,False,True,False,False,False,True
27,0,975,7,3,4,0,55,2,2,1,6811,23398,8,0,19,3,1,0,9,2,1,7,6,0,7,0.7777777777777778,1.2754681647940076,0.0,False,True,True,False,False,False,True,False,False,False,False,False,False,False,False,False,False,False,True
29,0,1090,10,3,4,1,83,3,1,2,2297,17967,1,0,14,3,4,2,2,2,3,2,2,2,2,1.0,0.8602996254681647,1.0,False,True,False,True,False,True,False,False,False,False,False,False,False,False,False,False,True,False,False
53,0,346,6,3,4,1,86,3,2,4,2450,10919,2,0,17,3,4,0,19,4,3,2,2,2,2,0.10526315789473684,0.45880149812734083,1.0,False,True,True,False,True,False,False,False,False,False,True,False,False,False,False,False,False,False,True
35,0,1225,2,4,4,0,61,3,2,1,5093,4761,2,0,11,3,1,1,16,2,4,1,0,0,0,0.0625,0.9537453183520599,0.0,False,False,True,False,True,False,False,False,False,False,False,False,False,False,False,False,False,False,False
32,0,430,24,4,1,1,80,3,2,4,5309,21146,1,0,15,3,4,2,10,2,3,10,8,4,7,1.0,0.9941947565543071,0.4,True,False,True,False,True,False,False,False,False,False,True,False,False,False,False,False,False,True,False
38,0,268,2,5,4,1,92,3,1,3,3057,20471,6,1,13,3,2,1,6,0,1,1,0,0,1,0.16666666666666666,1.144943820224719,0.0,False,True,True,False,False,False,True,False,False,False,False,False,False,False,True,False,False,True,False
34,0,167,8,5,2,0,32,3,2,1,5121,4187,3,0,14,3,3,1,7,3,3,0,0,0,0,0.0,0.9589887640449438,0.0,False,True,True,False,True,False,False,False,False,False,False,False,True,False,False,False,False,False,False
52,0,621,3,4,3,1,31,2,4,1,16856,10084,1,0,11,3,1,0,34,3,4,34,6,1,16,1.0,1.0434567289835335,0.029411764705882353,False,True,False,True,False,True,False,False,False,False,False,True,False,False,False,False,False,True,False
33,1,527,1,4,4,1,63,3,1,4,2686,5207,1,1,13,3,3,0,10,2,2,10,9,7,8,1.0,1.005992509363296,0.7,False,True,True,False,False,False,False,True,False,False,False,False,False,False,True,False,False,False,True
25,0,883,26,1,3,0,32,3,2,4,6180,22807,1,0,23,4,2,0,6,5,2,6,5,1,4,1.0,1.1573033707865168,0.16666666666666666,False,True,False,True,False,False,True,False,False,False,False,False,False,False,False,True,False,False,True
45,0,954,2,2,2,1,46,1,2,3,6632,12388,0,0,13,3,1,0,9,3,3,8,7,3,1,0.8888888888888888,1.2419475655430712,0.375,False,True,False,True,False,False,False,False,True,False,False,False,False,False,False,False,True,False,True
23,0,310,10,1,1,1,79,4,1,3,3505,19630,1,0,18,3,4,0,2,3,3,2,2,0,2,1.0,1.3127340823970037,0.0,False,True,True,False,False,False,True,False,False,False,False,False,False,False,True,False,False,False,True
47,1,719,27,2,2,0,77,4,2,3,6397,10339,4,1,12,3,4,0,8,2,3,5,4,1,3,0.625,1.1979400749063671,0.2,True,False,False,True,True,False,False,False,False,False,False,False,False,False,False,True,False,False,True
34,0,304,2,3,4,1,60,3,2,4,6274,18686,1,0,22,4,3,0,6,5,3,6,5,1,4,1.0,1.1749063670411986,0.16666666666666666,False,True,False,True,False,False,False,True,False,False,False,False,False,False,False,True,False,False,True
55,1,725,2,3,4,1,78,3,5,1,19859,21199,5,1,13,3,4,1,24,2,3,5,2,1,4,0.20833333333333334,1.0326019134775375,0.2,False,True,True,False,False,False,True,False,False,False,False,True,False,False,False,False,False,True,False
36,0,1434,8,4,1,1,76,2,3,1,7587,14229,1,0,15,3,2,0,10,1,3,10,7,0,9,1.0,0.7602204408817635,0.0,False,False,False,True,True,False,False,False,False,False,False,False,False,False,False,True,False,False,True
52,0,715,19,4,4,1,41,3,1,4,4258,26589,0,0,18,3,1,1,5,3,3,4,3,1,2,0.8,1.594756554307116,0.25,False,False,True,False,False,False,True,False,False,False,False,False,False,False,True,False,False,True,False
26,0,575,1,2,1,0,71,1,1,4,4364,5288,3,0,14,3,1,1,5,2,3,2,2,2,0,0.4,1.6344569288389512,1.0,True,False,True,False,True,False,False,False,False,False,True,False,False,False,False,False,False,False,False
29,0,657,27,3,2,0,66,3,2,3,4335,25549,4,0,12,3,1,1,11,3,2,8,7,1,1,0.7272727272727273,0.8117977528089888,0.125,False,True,True,False,False,False,True,False,False,False,False,False,False,False,False,False,False,True,False
26,1,1146,8,3,4,1,38,2,2,1,5326,3064,6,0,17,3,3,0,6,2,2,4,3,1,2,0.6666666666666666,0.9973782771535581,0.25,False,True,False,True,False,False,False,False,True,False,False,False,False,False,False,True,False,False,True
34,0,182,1,4,2,0,72,4,1,4,3280,13551,2,0,16,3,3,0,10,2,3,4,2,1,3,0.4,1.2284644194756553,0.25,False,True,True,False,True,False,False,False,False,False,False,False,False,False,True,False,False,False,True
54,0,376,19,4,4,0,95,3,2,1,5485,22670,9,1,11,3,2,2,9,4,3,5,3,1,4,0.5555555555555556,1.0271535580524345,0.2,False,True,True,False,False,False,True,False,False,False,False,False,True,False,False,False,False,False,False
27,0,829,8,1,3,1,84,3,2,4,4342,24008,0,0,19,3,2,1,5,3,3,4,2,1,1,0.8,0.8131086142322097,0.25,True,False,False,True,False,True,False,False,False,False,False,False,False,False,False,True,False,True,False
37,0,571,10,1,4,0,82,3,1,1,2782,19905,0,1,13,3,2,2,6,3,2,5,3,4,3,0.8333333333333334,1.0419475655430712,0.8,False,True,True,False,True,False,False,False,False,False,False,False,False,False,True,False,False,False,False
38,0,240,2,4,1,0,75,4,2,1,5980,26085,6,1,12,3,4,0,17,2,3,15,7,4,12,0.8823529411764706,1.1198501872659177,0.26666666666666666,True,False,True,False,True,False,False,False,False,False,False,False,True,False,False,False,False,False,True
34,0,121,2,4,3,0,86,2,1,1,4381,7530,1,0,11,3,3,0,6,3,3,6,5,1,3,1.0,1.6408239700374532,0.16666666666666666,False,True,True,False,False,False,True,False,False,False,False,False,False,False,True,False,False,False,True
35,0,384,8,4,1,0,72,3,1,4,2572,20317,1,0,16,3,2,1,3,1,2,3,2,0,2,1.0,0.9632958801498127,0.0,False,True,False,True,True,False,False,False,False,False,False,False,False,False,False,False,True,True,False
30,0,921,1,3,4,1,38,1,1,3,3833,24375,3,0,21,4,3,2,7,2,3,2,2,0,2,0.2857142857142857,1.4355805243445694,0.0,False,True,True,False,True,False,False,False,False,False,True,False,False,False,False,False,False,True,False
40,0,791,2,2,3,0,38,4,2,2,4244,9931,1,0,24,4,4,1,8,2,3,8,7,3,7,1.0,0.7947565543071161,0.375,True,False,True,False,False,False,True,False,False,False,False,False,False,False,False,False,False,True,False
34,0,1111,8,2,3,0,93,3,2,1,6500,13305,5,0,17,3,2,1,6,1,3,3,2,1,2,0.5,1.2172284644194757,0.3333333333333333,False,True,False,True,True,False,False,False,False,False,False,False,False,False,False,True,False,True,False
42,0,570,8,3,2,1,66,3,5,4,18430,16225,1,0,13,3,2,1,24,4,2,24,7,14,9,1.0,0.9582986688851913,0.5833333333333334,True,False,True,False,True,False,False,False,False,False,False,True,False,False,False,False,False,False,False
23,1,1243,6,3,3,1,63,4,1,1,1601,3445,1,1,21,4,3,2,1,2,3,0,0,0,0,0.0,0.599625468164794,0.0,False,True,True,False,True,False,False,False,False,False,True,False,False,False,False,False,False,True,False
24,0,1092,9,3,3,1,60,2,1,2,2694,26551,1,0,11,3,3,3,1,4,3,1,0,0,0,1.0,1.0089887640449438,0.0,False,False,True,False,True,False,False,False,False,False,True,False,False,False,False,False,False,False,False
52,0,1325,11,4,4,0,82,3,2,3,3149,21821,8,0,20,4,2,1,9,3,3,5,2,1,4,0.5555555555555556,0.5897003745318352,0.2,False,True,True,False,True,False,False,False,False,False,True,False,False,False,False,False,False,True,False
50,0,691,2,3,3,1,64,3,4,3,17639,6881,5,0,16,3,4,0,30,3,3,4,3,0,3,0.13333333333333333,1.0919276959267055,0.0,False,True,True,False,False,False,True,False,False,False,False,False,False,True,False,False,False,True,False
29,1,805,1,2,2,0,36,2,1,1,2319,6689,1,1,11,3,4,1,1,1,3,1,0,0,0,1.0,0.8685393258426967,0.0,False,True,True,False,True,False,False,False,False,False,True,False,False,False,False,False,False,True,False
33,0,213,7,3,3,1,49,3,3,3,11691,25995,0,0,11,3,4,0,14,3,4,13,9,3,7,0.9285714285714286,1.171442885771543,0.23076923076923078,False,True,True,False,False,False,True,False,False,False,False,False,False,True,False,False,False,True,False
33,1,118,16,3,1,0,69,3,2,1,5324,26507,5,0,15,3,3,0,6,3,3,3,2,0,2,0.5,0.997003745318352,0.0,False,True,False,True,False,True,False,False,False,False,False,False,False,False,False,True,False,False,True
47,0,202,2,2,3,0,33,3,4,4,16752,12982,1,1,11,3,3,1,26,3,2,26,14,3,0,1.0,1.037018695060047,0.11538461538461539,False,True,True,False,False,False,False,True,False,False,False,True,False,False,False,False,False,True,False
36,0,676,1,3,3,0,35,3,2,2,5228,23361,0,0,15,3,1,1,10,2,3,9,7,0,5,0.9,0.9790262172284644,0.0,False,True,True,False,False,False,False,True,False,False,False,False,True,False,False,False,False,True,False
29,0,1252,23,2,3,1,81,4,1,3,2700,23779,1,0,24,4,3,1,10,3,3,10,7,0,7,1.0,1.0112359550561798,0.0,False,True,True,False,True,False,False,False,False,False,False,False,False,False,True,False,False,True,False
58,1,286,2,4,4,1,31,3,5,2,19246,25761,7,1,12,3,4,0,40,2,3,31,15,13,8,0.775,1.0007279534109816,0.41935483870967744,False,True,True,False,True,False,False,False,False,False,False,False,False,True,False,False,False,False,True
35,0,1258,1,4,4,0,40,4,1,3,2506,13301,3,0,13,3,3,0,7,0,3,2,2,2,2,0.2857142857142857,0.9385767790262173,1.0,False,True,True,False,True,False,False,False,False,False,False,False,False,False,True,False,False,False,True
42,0,932,1,2,4,0,43,2,2,4,6062,4051,9,1,13,3,4,1,8,4,3,4,3,0,2,0.5,1.1352059925093634,0.0,False,True,True,False,True,False,False,False,False,False,False,False,True,False,False,False,False,True,False
28,1,890,2,4,3,1,46,3,1,3,4382,16374,6,0,17,3,4,0,5,3,2,2,2,2,1,0.4,1.6411985018726591,1.0,False,True,True,False,False,False,True,False,False,False,False,False,False,False,True,False,False,False,True
36,0,1041,13,3,3,1,36,3,1,2,2143,25527,4,0,13,3,2,1,8,2,3,5,2,0,4,0.625,0.802621722846442,0.0,False,True,False,False,False,False,False,False,False,True,False,False,False,False,False,False,False,True,False
32,0,859,4,3,3,0,98,2,2,3,6162,19124,1,0,12,3,3,1,14,3,3,14,13,6,8,1.0,1.1539325842696628,0.42857142857142855,False,True,True,False,True,False,False,False,False,False,False,False,True,False,False,False,False,True,False
40,0,720,16,4,1,1,51,2,2,3,5094,11983,6,0,14,3,4,0,10,6,3,1,0,0,0,0.1,0.9539325842696629,0.0,True,False,True,False,False,False,True,False,False,False,True,False,False,False,False,False,False,False,True
30,0,946,2,3,3,0,52,2,2,4,6877,20234,5,1,24,4,2,0,12,4,2,0,0,0,0,0.0,1.2878277153558053,0.0,False,True,True,False,False,False,True,False,False,False,False,False,True,False,False,False,False,False,True
45,0,252,2,3,2,0,95,2,1,3,2274,6153,1,0,14,3,4,0,1,3,3,1,0,0,0,1.0,0.851685393258427,0.0,False,True,True,False,True,False,False,False,False,False,False,False,False,False,True,False,False,False,True
42,0,933,29,3,2,1,98,3,2,2,4434,11806,1,0,13,3,4,1,10,3,2,9,8,7,8,0.9,0.8303370786516854,0.7777777777777778,False,True,True,False,True,False,False,False,False,False,False,False,True,False,False,False,False,True,False
38,0,471,12,3,1,1,45,2,2,1,6288,4284,2,0,15,3,3,1,13,3,2,4,3,1,2,0.3076923076923077,1.1775280898876404,0.25,True,False,True,False,True,False,False,False,False,False,False,False,False,False,False,False,False,False,False
34,0,702,16,4,3,0,100,2,1,4,2553,8306,1,0,16,3,3,0,6,3,3,5,2,1,3,0.8333333333333334,0.9561797752808989,0.2,True,False,True,False,True,False,False,False,False,False,False,False,False,False,True,False,False,False,True
49,1,1184,11,3,3,0,43,3,3,4,7654,5860,1,0,18,3,1,2,9,3,4,9,8,7,7,1.0,0.7669338677354709,0.7777777777777778,False,True,False,True,False,True,False,False,False,False,False,False,False,False,False,True,False,True,False
55,1,436,2,1,3,1,37,3,2,4,5160,21519,4,0,16,3,3,0,12,3,2,9,7,7,3,0.75,0.9662921348314607,0.7777777777777778,False,True,False,True,False,False,True,False,False,False,False,False,False,False,False,True,False,False,True
43,0,589,14,2,2,1,94,3,4,1,17159,5200,6,0,24,4,3,1,22,3,3,4,1,1,0,0.18181818181818182,1.0622136932029218,0.25,False,True,True,False,True,False,False,False,False,False,False,False,False,True,False,False,False,True,False
27,0,269,5,1,3,1,42,2,3,4,12808,8842,1,1,16,3,2,1,9,3,3,9,8,0,8,1.0,1.2833667334669339,0.0,False,True,True,False,False,False,False,False,True,False,False,False,False,True,False,False,False,False,False
35,0,950,7,3,3,1,59,3,3,3,10221,18869,3,0,21,4,2,0,17,3,4,8,5,1,6,0.47058823529411764,1.0241482965931863,0.125,False,True,True,False,False,False,False,True,False,False,False,False,True,False,False,False,False,False,True
28,0,760,2,4,2,0,81,3,2,2,4779,3698,1,1,20,4,1,0,8,2,3,8,7,7,5,1.0,0.8949438202247191,0.875,False,True,False,True,False,True,False,False,False,False,False,False,False,False,False,True,False,True,False
34,0,829,3,2,3,1,88,3,1,4,3737,2243,0,0,19,3,3,1,4,1,1,3,2,0,2,0.75,1.399625468164794,0.0,False,True,False,False,False,False,False,False,False,True,False,False,False,False,False,False,False,True,False
26,1,887,5,2,3,0,88,2,1,3,2366,20898,1,1,14,3,1,1,8,2,3,8,7,1,7,1.0,0.8861423220973783,0.125,True,False,True,False,False,False,True,False,False,False,False,False,False,False,True,False,False,True,False
27,0,443,3,3,4,1,50,3,1,4,1706,16571,1,0,11,3,3,3,0,6,2,0,0,0,0,0.0,0.6389513108614232,0.0,False,False,True,False,False,False,True,False,False,False,False,False,False,False,True,False,False,True,False
51,0,1318,26,4,1,0,66,3,4,3,16307,5594,2,0,14,3,3,1,29,2,2,20,6,4,17,0.6896551724137931,1.0094713383682061,0.2,False,True,False,True,False,True,False,False,False,False,False,True,False,False,False,False,False,True,False
44,0,625,4,3,4,1,50,3,2,2,5933,5197,9,0,12,3,4,0,10,2,2,5,2,2,3,0.5,1.1110486891385767,0.4,False,True,True,False,False,False,True,False,False,False,False,False,False,False,False,False,False,False,True
25,0,180,2,1,1,1,65,4,1,1,3424,21632,7,0,13,3,3,0,6,3,2,4,3,0,1,0.6666666666666666,1.2823970037453183,0.0,False,True,True,False,False,False,True,False,False,False,False,False,False,False,True,False,False,False,True
33,0,586,1,3,1,1,48,4,2,1,4037,21816,1,0,22,4,1,1,9,5,3,9,8,0,8,1.0,0.7559925093632959,0.0,False,True,False,True,False,False,True,False,False,False,False,False,False,False,False,True,False,False,False
35,0,1343,27,1,3,0,53,2,1,1,2559,17852,1,0,11,3,4,0,6,3,2,6,5,1,1,1.0,0.9584269662921349,0.16666666666666666,False,True,True,False,False,False,True,False,False,False,False,False,False,False,True,False,False,False,True
36,0,928,1,2,2,1,56,3,2,4,6201,2823,1,1,14,3,4,1,18,1,2,18,14,4,11,1.0,1.1612359550561797,0.2222222222222222,False,True,False,True,True,False,False,False,False,False,False,False,False,False,False,True,False,True,False
32,0,117,13,4,2,1,73,3,2,4,4403,9250,2,0,11,3,3,1,8,3,2,5,2,0,3,0.625,0.8245318352059925,0.0,False,True,False,True,True,False,False,False,False,False,False,False,False,False,False,True,False,False,False
30,0,1012,5,4,2,1,75,2,1,4,3761,2373,9,0,12,3,2,1,10,3,2,5,4,0,3,0.5,1.408614232209738,0.0,True,False,True,False,True,False,False,False,False,False,False,False,False,False,True,False,False,False,False
53,0,661,7,2,1,0,78,2,3,4,10934,20715,7,1,18,3,4,1,35,3,3,5,2,0,4,0.14285714285714285,1.0955911823647295,0.0,False,True,False,True,False,True,False,False,False,False,False,False,False,False,False,True,False,True,False
45,0,930,9,3,4,1,74,3,3,1,10761,19239,4,1,12,3,3,1,18,2,3,5,4,0,2,0.2777777777777778,1.0782565130260522,0.0,False,True,False,True,False,True,False,False,False,False,False,False,False,False,False,True,False,False,False
32,0,638,8,2,3,0,91,4,2,3,5175,22162,5,0,12,3,3,1,9,3,2,5,3,1,3,0.5555555555555556,0.9691011235955056,0.2,False,True,True,False,False,False,True,False,False,False,False,False,False,False,True,False,False,True,False
52,0,890,25,4,3,0,81,2,4,4,13826,19028,3,0,22,4,3,0,31,3,3,9,8,0,0,0.2903225806451613,0.8558870867896496,0.0,True,False,True,False,False,False,True,False,False,False,False,False,True,False,False,False,False,True,False
37,0,342,16,4,4,1,66,2,2,3,6334,24558,4,0,19,3,4,2,9,2,3,1,0,0,0,0.1111111111111111,1.1861423220973784,0.0,False,True,False,True,False,True,False,False,False,False,False,False,False,False,False,True,False,False,False
28,0,1169,8,2,2,1,63,2,1,4,4936,23965,1,0,13,3,4,1,6,6,3,5,1,0,4,0.8333333333333334,1.848689138576779,0.0,False,True,False,False,False,False,True,False,False,True,False,False,False,False,False,False,False,False,False
22,0,1230,1,2,4,1,33,2,2,4,4775,19146,6,0,22,4,1,2,4,2,1,2,2,2,2,0.5,0.8941947565543071,1.0,False,True,True,False,True,False,False,False,False,False,False,False,True,False,False,False,False,True,False
44,0,986,8,4,1,1,62,4,1,4,2818,5044,2,1,24,4,3,1,10,2,2,3,2,0,2,0.3,1.0554307116104868,0.0,False,True,True,False,True,False,False,False,False,False,True,False,False,False,False,False,False,True,False
42,0,1271,2,1,2,1,35,3,1,4,2515,9068,5,1,14,3,4,0,8,2,3,2,1,2,2,0.25,0.9419475655430711,1.0,True,False,True,False,False,False,True,False,False,False,False,False,False,False,True,False,False,False,True
36,0,1278,8,3,1,1,77,2,1,1,2342,8635,0,0,21,4,3,0,6,3,3,5,4,0,3,0.8333333333333334,0.8771535580524344,0.0,False,True,False,False,True,False,False,False,False,True,False,False,False,False,False,False,False,True,False
25,0,141,3,1,3,1,98,3,2,1,4194,14363,1,1,18,3,4,0,5,3,3,5,3,0,3,1.0,0.7853932584269663,0.0,False,True,False,True,False,False,False,True,False,False,False,False,False,False,False,True,False,True,False
35,0,607,9,3,4,0,66,2,3,3,10685,23457,1,1,20,4,2,1,17,2,3,17,14,5,15,1.0,1.0706412825651304,0.29411764705882354,False,True,True,False,True,False,False,False,False,False,False,False,True,False,False,False,False,True,False
35,1,130,25,4,4,0,96,3,1,2,2022,16612,1,1,19,3,1,1,10,3,2,10,2,7,8,1.0,0.7573033707865169,0.7,True,False,True,False,True,False,False,False,False,False,False,False,False,False,True,False,False,False,False
32,0,300,1,3,4,1,61,3,1,4,2314,9148,0,0,12,3,2,1,4,2,3,3,0,0,2,0.75,0.8666666666666667,0.0,False,False,True,False,True,False,False,False,False,False,True,False,False,False,False,False,False,False,False
25,0,583,4,1,3,1,87,2,2,1,4256,18154,1,0,12,3,1,0,5,1,4,5,2,0,3,1.0,0.797003745318352,0.0,False,True,False,True,False,True,False,False,False,False,False,False,False,False,False,True,False,True,False
49,0,1418,1,3,3,0,36,3,1,1,3580,10554,2,0,16,3,2,1,7,2,3,4,2,0,2,0.5714285714285714,1.3408239700374531,0.0,False,True,True,False,False,False,False,False,True,False,False,False,False,False,True,False,False,True,False
24,0,1269,4,1,1,1,46,2,1,4,3162,10778,0,0,17,3,4,0,6,2,2,5,2,3,4,0.8333333333333334,1.1842696629213483,0.6,False,False,True,False,True,False,False,False,False,False,True,False,False,False,False,False,False,True,False
32,0,379,5,2,2,1,48,3,2,2,6524,8891,1,0,14,3,4,1,10,3,3,10,8,5,3,1.0,1.2217228464419476,0.5,True,False,False,True,True,False,False,False,False,False,False,False,False,False,False,True,False,True,False
38,0,395,9,3,2,1,98,2,1,2,2899,12102,0,0,19,3,4,1,3,3,3,2,2,1,2,0.6666666666666666,1.0857677902621723,0.5,False,True,False,True,False,True,False,False,False,False,False,False,False,False,False,False,True,True,False
42,0,1265,3,3,3,0,95,4,2,4,5231,23726,2,1,13,3,2,1,17,1,2,5,3,1,3,0.29411764705882354,0.9795880149812735,0.2,False,True,True,False,True,False,False,False,False,False,True,False,False,False,False,False,False,True,False
31,0,1222,11,4,4,1,48,3,1,4,2356,14871,3,1,19,3,2,1,8,2,3,6,4,0,2,0.75,0.8823970037453184,0.0,False,True,True,False,True,False,False,False,False,False,False,False,False,False,True,False,False,True,False
29,1,341,1,3,2,0,48,2,1,3,2800,23522,6,1,19,3,3,3,5,3,3,3,2,0,2,0.6,1.048689138576779,0.0,False,True,False,True,False,False,True,False,False,False,False,False,False,False,False,False,True,False,False
53,0,868,8,3,1,1,73,3,4,4,11836,22789,5,0,14,3,3,1,28,3,3,2,0,2,2,0.07142857142857142,0.7326977838306302,1.0,False,True,False,True,False,True,False,False,False,False,False,False,False,False,False,True,False,True,False
35,0,672,25,3,4,1,78,2,3,2,10903,9129,3,0,16,3,1,0,16,2,3,13,10,4,8,0.8125,1.0924849699398798,0.3076923076923077,False,True,True,False,False,False,False,False,True,False,False,False,True,False,False,False,False,True,False
37,0,1231,21,2,3,0,54,3,1,4,2973,21222,5,0,15,3,2,1,10,3,3,5,4,0,0,0.5,1.1134831460674157,0.0,True,False,False,True,False,False,True,False,False,False,False,False,False,False,False,False,True,True,False
53,0,102,23,4,4,0,72,3,4,4,14275,20206,6,0,18,3,3,0,33,0,3,12,9,3,8,0.36363636363636365,0.8836820601708555,0.25,False,True,True,False,True,False,False,False,False,False,False,False,False,True,False,False,False,False,True
43,0,422,1,3,4,0,33,3,2,4,5562,21782,4,0,13,3,2,1,12,2,2,5,2,2,2,0.4166666666666667,1.0415730337078652,0.4,True,False,True,False,True,False,False,False,False,False,False,False,False,False,False,False,False,True,False
47,0,249,2,2,3,0,35,3,2,4,4537,17783,0,1,22,4,1,1,8,2,3,7,6,7,7,0.875,0.849625468164794,1.0,False,True,False,True,False,True,False,False,False,False,False,False,False,False,False,True,False,True,False
37,0,1252,19,2,1,1,32,3,3,2,7642,4814,1,1,13,3,4,0,10,2,3,10,0,0,9,1.0,0.7657314629258517,0.0,False,False,False,True,False,False,True,False,False,False,False,False,False,False,False,True,False,False,True
50,0,881,2,4,1,1,98,3,4,1,17924,4544,1,0,11,3,4,1,31,3,3,31,6,14,7,1.0,1.109570385043952,0.45161290322580644,False,False,True,False,True,False,False,False,False,False,False,True,False,False,False,False,False,False,False
39,0,1383,2,3,4,0,42,2,2,4,5204,7790,8,0,11,3,3,2,13,2,3,5,4,0,4,0.38461538461538464,0.9745318352059925,0.0,False,True,False,False,True,False,False,False,False,True,False,False,False,False,False,False,False,True,False
33,0,1075,3,2,4,1,57,3,1,2,2277,22650,3,1,11,3,3,1,7,4,4,4,3,0,3,0.5714285714285714,0.852808988764045,0.0,False,True,False,False,False,False,False,False,False,True,False,False,False,False,False,False,False,False,False
32,1,374,25,4,1,1,87,3,1,4,2795,18016,1,1,24,4,3,0,1,2,1,1,0,0,1,1.0,1.046816479400749,0.0,False,True,True,False,True,False,False,False,False,False,True,False,False,False,False,False,False,False,True
29,0,1086,7,1,1,0,62,2,1,4,2532,6054,6,0,14,3,3,3,8,5,3,4,3,0,3,0.5,0.9483146067415731,0.0,False,True,True,False,False,False,True,False,False,False,True,False,False,False,False,False,False,False,False
44,0,661,9,2,2,1,61,3,1,1,2559,7508,1,1,13,3,4,0,8,0,3,8,7,7,1,1.0,0.9584269662921349,0.875,False,True,True,False,True,False,False,False,False,False,False,False,False,False,True,False,False,True,False
28,0,821,5,4,1,1,98,3,2,4,4908,24252,1,0,14,3,2,0,4,3,3,4,2,0,2,1.0,0.9191011235955057,0.0,False,True,False,True,False,False,True,False,False,False,False,False,False,False,False,True,False,False,True
58,1,781,2,1,4,1,57,2,1,4,2380,13384,9,1,14,3,4,1,3,3,2,1,0,0,0,0.3333333333333333,0.8913857677902621,0.0,True,False,True,False,True,False,False,False,False,False,True,False,False,False,False,False,False,False,False
43,0,177,8,3,1,0,55,3,2,2,4765,23814,4,0,21,4,3,1,4,2,4,1,0,0,0,0.25,0.8923220973782772,0.0,False,True,True,False,True,False,False,False,False,False,False,False,True,False,False,False,False,False,False
20,1,500,2,3,3,0,49,2,1,3,2044,22052,1,0,13,3,4,0,2,3,2,2,2,0,2,1.0,0.7655430711610487,0.0,False,True,False,True,False,False,True,False,False,False,False,False,False,False,False,False,True,False,True
21,1,1427,18,1,4,0,65,3,1,4,2693,8870,1,0,19,3,1,0,1,3,2,1,0,0,0,1.0,1.0086142322097378,0.0,False,True,True,False,False,False,False,True,False,False,False,False,False,False,True,False,False,False,True
36,0,1425,14,1,3,1,68,3,2,4,6586,4821,0,1,17,3,1,1,17,2,2,16,8,4,11,0.9411764705882353,1.2333333333333334,0.25,False,True,True,False,True,False,False,False,False,False,False,False,False,False,False,False,False,True,False
47,0,1454,2,4,4,0,65,2,1,4,3294,13137,1,1,18,3,1,0,3,3,2,3,2,1,2,1.0,1.2337078651685394,0.3333333333333333,False,True,False,True,True,False,False,False,False,False,False,False,False,False,False,False,True,False,True
22,1,617,3,1,2,0,34,3,2,3,4171,10022,0,1,19,3,1,1,4,3,4,3,2,0,2,0.75,0.7810861423220974,0.0,False,True,True,False,True,False,False,False,False,False,False,False,True,False,False,False,False,True,False
41,1,1085,2,4,2,0,57,1,1,4,2778,17725,4,1,13,3,3,1,10,1,2,7,7,1,0,0.7,1.0404494382022471,0.14285714285714285,False,True,True,False,True,False,False,False,False,False,True,False,False,False,False,False,False,False,False
28,0,995,9,3,3,0,77,3,1,3,2377,9834,5,0,18,3,2,1,6,2,3,2,2,2,2,0.3333333333333333,0.8902621722846442,1.0,False,True,True,False,False,False,True,False,False,False,False,False,False,False,True,False,False,False,False
39,1,1122,6,3,4,1,70,3,1,1,2404,4303,7,1,21,4,4,0,8,2,1,2,2,2,2,0.25,0.900374531835206,1.0,False,True,True,False,False,False,True,False,False,False,True,False,False,False,False,False,False,True,False
27,0,618,4,3,2,0,76,3,1,3,2318,17808,1,0,19,3,3,0,1,2,3,1,1,0,0,1.0,0.8681647940074907,0.0,False,True,True,False,True,False,False,False,False,False,False,False,False,False,True,False,False,False,True
34,0,546,10,3,2,1,83,3,1,2,2008,6896,1,0,14,3,2,2,1,3,3,1,0,1,0,1.0,0.752059925093633,1.0,False,True,True,False,True,False,False,False,False,False,True,False,False,False,False,False,False,False,False
42,0,462,14,2,3,0,68,2,2,3,6244,7824,7,0,17,3,1,0,10,6,3,5,4,0,3,0.5,1.1692883895131085,0.0,False,True,False,True,False,False,True,False,False,False,False,False,False,False,False,True,False,False,True
33,0,1198,1,4,3,1,100,2,1,1,2799,3339,3,1,11,3,2,0,6,1,3,3,2,0,2,0.5,1.048314606741573,0.0,False,True,True,False,False,False,False,True,False,False,False,False,False,False,True,False,False,False,True
58,0,1272,5,3,3,0,37,2,3,2,10552,9255,2,1,13,3,4,1,24,3,3,6,0,0,4,0.25,1.057314629258517,0.0,False,True,True,False,False,False,False,False,True,False,False,False,False,False,False,False,False,False,False
31,0,154,7,4,2,1,41,2,1,3,2329,11737,3,0,15,3,2,0,13,2,4,7,7,5,2,0.5384615384615384,0.8722846441947566,0.7142857142857143,False,True,False,True,True,False,False,False,False,False,False,False,False,False,False,False,True,True,False
35,0,1137,21,1,4,0,51,3,2,4,4014,19170,1,1,25,4,4,1,10,2,1,10,6,0,7,1.0,0.751685393258427,0.0,False,True,True,False,True,False,False,False,False,False,False,False,False,False,False,False,False,True,False
49,0,527,8,2,1,0,51,3,3,2,7403,22477,4,0,11,3,3,1,29,3,2,26,9,1,7,0.896551724137931,0.7417835671342685,0.038461538461538464,False,True,True,False,False,False,False,True,False,False,True,False,False,False,False,False,False,True,False
48,0,1469,20,4,4,1,51,3,1,3,2259,5543,4,0,17,3,1,2,13,2,2,0,0,0,0,0.0,0.8460674157303371,0.0,False,True,True,False,False,False,True,False,False,False,False,False,False,False,True,False,False,True,False
31,0,1188,20,2,4,0,45,3,2,3,6932,24406,1,0,13,3,4,1,9,2,2,9,8,0,0,1.0,1.29812734082397,0.0,False,False,False,True,False,True,False,False,False,False,False,False,False,False,False,True,False,True,False
36,0,188,7,4,2,1,65,3,1,4,4678,23293,2,0,18,3,3,0,8,6,3,6,2,0,1,0.75,1.752059925093633,0.0,False,True,True,False,False,False,False,True,False,False,False,False,False,False,True,False,False,False,True
38,0,1333,1,3,4,0,80,3,3,1,13582,16292,1,0,13,3,2,1,15,3,3,15,12,5,11,1.0,1.3609218436873747,0.3333333333333333,False,True,True,False,False,False,False,False,True,False,False,False,False,True,False,False,False,True,False
32,0,1184,1,3,3,0,70,2,1,2,2332,3974,6,0,20,4,3,0,5,3,3,3,0,0,2,0.6,0.8734082397003745,0.0,False,False,True,False,True,False,False,False,False,False,True,False,False,False,False,False,False,True,False
25,1,867,19,2,3,1,36,2,1,2,2413,18798,1,1,18,3,3,3,1,2,3,1,0,0,0,1.0,0.90374531835206,0.0,False,True,False,True,False,True,False,False,False,False,False,False,False,False,False,False,True,True,False
40,0,658,10,4,1,1,67,2,3,2,9705,20652,2,0,12,3,2,1,11,2,2,1,0,0,0,0.09090909090909091,0.9724448897795591,0.0,False,True,False,True,False,True,False,False,False,False,False,False,False,False,False,True,False,False,False
26,0,1283,1,3,3,1,52,2,2,1,4294,11148,1,0,12,3,2,0,7,2,3,7,7,0,7,1.0,0.804119850187266,0.0,True,False,False,True,False,False,True,False,False,False,False,False,False,False,False,True,False,False,True
41,0,263,6,3,4,1,59,3,1,1,4721,3119,2,1,13,3,3,0,20,3,3,18,13,2,17,0.9,1.7681647940074907,0.1111111111111111,False,True,True,False,False,False,True,False,False,False,True,False,False,False,False,False,False,False,True
36,0,938,2,4,3,1,79,3,1,3,2519,12287,4,0,21,4,3,0,16,6,3,11,8,3,9,0.6875,0.9434456928838951,0.2727272727272727,False,True,True,False,False,False,True,False,False,False,True,False,False,False,False,False,False,False,True
19,1,419,21,3,4,1,37,2,1,2,2121,9947,1,1,13,3,2,0,1,3,4,1,0,0,0,1.0,0.7943820224719101,0.0,False,True,False,True,False,False,False,True,False,False,False,False,False,False,False,False,True,False,True
20,1,129,4,3,1,1,84,3,1,1,2973,13008,1,0,19,3,2,0,1,2,3,1,0,0,0,1.0,1.1134831460674157,0.0,False,True,True,False,False,False,False,False,True,False,True,False,False,False,False,False,False,False,True
31,0,616,12,3,4,0,41,3,2,4,5855,17369,0,1,11,3,3,2,10,2,1,9,7,8,5,0.9,1.0964419475655431,0.8888888888888888,False,True,True,False,False,False,True,False,False,False,False,False,False,False,False,False,False,True,False
40,0,1469,9,4,4,1,35,3,1,2,3617,25063,8,1,14,3,4,1,3,2,3,1,1,0,0,0.3333333333333333,1.354681647940075,0.0,True,False,True,False,False,False,True,False,False,False,False,False,False,False,True,False,False,False,False
32,0,498,3,4,3,0,93,3,2,1,6725,13554,1,0,12,3,3,1,8,2,4,8,7,6,3,1.0,1.2593632958801497,0.75,False,True,True,False,False,False,True,False,False,False,False,False,True,False,False,False,False,True,False
36,1,530,3,1,3,1,51,2,3,4,10325,5518,1,1,11,3,1,1,16,6,3,16,7,3,7,1.0,1.0345691382765532,0.1875,False,True,False,True,True,False,False,False,False,False,False,False,False,False,False,True,False,True,False
33,0,1069,1,3,2,0,42,2,2,4,6949,12291,0,0,14,3,1,0,6,3,3,5,0,1,4,0.8333333333333334,1.301310861423221,0.2,False,True,True,False,True,False,False,False,False,False,False,False,False,False,False,False,False,False,True
37,1,625,1,4,1,1,46,2,3,3,10609,14922,5,0,11,3,3,0,17,2,1,14,1,11,7,0.8235294117647058,1.0630260521042083,0.7857142857142857,False,True,False,True,True,False,False,False,False,False,False,False,False,False,False,True,False,True,False
45,0,805,4,2,3,1,57,3,2,2,4447,23163,1,0,12,3,2,0,9,5,2,9,7,0,8,1.0,0.8327715355805243,0.0,False,False,True,False,True,False,False,False,False,False,True,False,False,False,False,False,False,True,False
29,0,1404,20,3,3,0,84,3,1,4,2157,18203,1,0,15,3,2,1,3,5,3,3,1,0,2,1.0,0.8078651685393259,0.0,True,False,False,True,False,False,False,False,True,False,False,False,False,False,False,False,True,True,False
35,0,1219,18,3,3,0,86,3,2,3,4601,6179,1,0,16,3,2,0,5,3,3,5,2,1,0,1.0,0.8616104868913858,0.2,False,True,False,True,False,False,True,False,False,False,False,False,False,False,False,True,False,True,False
52,0,1053,1,2,4,1,70,3,4,4,17099,13829,2,0,15,3,2,1,26,2,2,9,8,7,8,0.34615384615384615,1.058499442862449,0.7777777777777778,False,True,True,False,True,False,False,False,False,False,False,True,False,False,False,False,False,True,False
58,1,289,2,3,4,1,51,3,1,3,2479,26227,4,0,24,4,1,0,7,4,3,1,0,0,0,0.14285714285714285,0.9284644194756554,0.0,False,True,True,False,False,False,False,False,True,False,False,False,False,False,True,False,False,False,True
53,0,1376,2,2,3,1,45,3,4,3,14852,13938,6,0,13,3,3,1,22,3,4,17,13,15,2,0.7727272727272727,0.9194007676117371,0.8823529411764706,False,True,False,True,False,False,True,False,False,False,False,True,False,False,False,False,False,False,False
30,0,231,8,2,3,1,62,3,3,3,7264,9977,5,0,11,3,1,1,10,2,4,8,4,7,7,0.8,0.7278557114228457,0.875,False,True,False,True,False,False,False,True,False,False,False,False,False,False,False,True,False,False,False
38,0,152,10,3,3,0,85,3,2,4,5666,19899,1,1,13,3,2,0,6,1,3,5,3,1,3,0.8333333333333334,1.0610486891385769,0.2,False,False,False,True,False,False,False,False,True,False,False,False,False,False,False,True,False,False,True
35,0,882,3,4,4,1,92,3,3,4,7823,6812,6,0,13,3,2,1,12,2,3,10,9,0,8,0.8333333333333334,0.7838677354709419,0.0,False,True,False,True,True,False,False,False,False,False,False,False,False,False,False,True,False,False,False
39,0,903,2,5,1,1,41,4,3,3,7880,2560,0,0,18,3,4,0,9,3,3,8,7,0,7,0.8888888888888888,0.7895791583166333,0.0,False,True,False,True,True,False,False,False,False,False,False,False,False,False,False,True,False,False,True
40,1,1479,24,3,2,0,100,4,4,2,13194,17071,4,1,16,3,4,0,22,2,2,1,0,0,0,0.045454545454545456,0.8167636498700013,0.0,False,False,False,True,True,False,False,False,False,False,False,False,False,False,False,True,False,False,True
47,0,1379,16,4,3,1,64,4,2,3,5067,6759,1,1,19,3,3,0,20,3,4,19,10,2,7,0.95,0.948876404494382,0.10526315789473684,True,False,True,False,False,False,True,False,False,False,False,False,True,False,False,False,False,False,False
36,0,1229,8,4,1,1,84,3,2,4,5079,25952,4,0,13,3,4,2,12,3,3,7,7,0,7,0.5833333333333334,0.951123595505618,0.0,False,False,False,True,False,False,False,False,True,False,False,False,False,False,False,True,False,False,False
31,1,335,9,2,3,1,46,2,1,1,2321,10322,0,1,22,4,1,0,4,0,3,3,2,1,2,0.75,0.8692883895131086,0.3333333333333333,False,False,True,False,False,False,True,False,False,False,False,False,False,False,True,False,False,False,True
33,0,722,17,3,4,1,38,3,4,3,17444,20489,1,0,11,3,4,0,10,2,3,10,8,6,0,1.0,1.0798563823201683,0.6,False,False,False,True,True,False,False,False,False,False,False,True,False,False,False,False,False,False,True
29,1,906,10,3,4,0,92,2,1,1,2404,11479,6,1,20,4,3,0,3,5,3,0,0,0,0,0.0,0.900374531835206,0.0,False,True,True,False,True,False,False,False,False,False,False,False,False,False,True,False,False,False,True
33,0,461,13,1,2,0,53,3,1,4,3452,17241,3,0,18,3,1,0,5,4,3,3,2,0,2,0.6,1.2928838951310861,0.0,False,True,True,False,True,False,False,False,False,False,False,False,False,False,True,False,False,False,True
45,0,974,1,4,4,0,91,3,1,4,2270,11005,3,0,14,3,4,2,8,2,3,5,3,0,2,0.625,0.850187265917603,0.0,False,True,True,False,False,False,True,False,False,False,True,False,False,False,False,False,False,False,False
50,0,1126,1,2,4,1,66,3,4,4,17399,6615,9,0,22,4,3,1,32,1,2,5,4,1,3,0.15625,1.0770706945648136,0.2,False,True,True,False,False,False,True,False,False,False,False,False,False,True,False,False,False,False,False
33,0,827,1,4,3,0,84,4,2,2,5488,20161,1,1,13,3,1,1,6,2,3,6,5,1,2,1.0,1.0277153558052434,0.16666666666666666,True,False,True,False,False,False,False,True,False,False,False,False,False,False,False,False,False,True,False
41,0,840,9,3,1,1,64,3,5,3,19419,3735,2,0,17,3,2,1,21,2,4,18,16,0,11,0.8571428571428571,1.009723377703827,0.0,True,False,True,False,False,False,True,False,False,False,False,False,False,True,False,False,False,False,False
27,0,1134,16,4,3,0,37,3,1,2,2811,12086,9,0,14,3,2,1,4,2,3,2,2,2,2,0.5,1.052808988764045,1.0,False,True,True,False,False,False,False,False,True,False,True,False,False,False,False,False,False,True,False
45,0,248,23,2,4,1,42,3,2,1,3633,14039,1,1,15,3,3,1,9,2,3,9,8,0,8,1.0,0.6803370786516854,0.0,False,False,True,False,True,False,False,False,False,False,True,False,False,False,False,False,False,True,False
47,0,955,4,2,4,0,83,3,2,4,4163,8571,1,1,17,3,3,0,9,0,3,9,0,0,7,1.0,0.7795880149812734,0.0,False,True,False,True,True,False,False,False,False,False,False,False,False,False,False,True,False,False,True
30,1,138,22,3,1,0,48,3,1,3,2132,11539,4,1,11,3,2,0,7,2,3,5,2,0,1,0.7142857142857143,0.798501872659176,0.0,False,True,True,False,True,False,False,False,False,False,False,False,False,False,True,False,False,True,False
50,0,939,24,3,4,1,95,3,4,3,13973,4161,3,1,18,3,4,1,22,2,3,12,11,1,5,0.5454545454545454,0.8649870001238084,0.08333333333333333,False,True,True,False,True,False,False,False,False,False,False,False,True,False,False,False,False,True,False
38,0,1391,10,1,3,1,66,3,1,3,2684,12127,0,0,17,3,2,1,3,0,2,2,1,0,2,0.6666666666666666,1.0052434456928838,0.0,True,False,True,False,False,False,True,False,False,False,False,False,False,False,True,False,False,True,False
46,0,566,7,2,4,1,75,3,3,3,10845,24208,6,0,13,3,2,1,13,3,3,8,7,0,7,0.6153846153846154,1.0866733466933867,0.0,False,True,True,False,False,False,True,False,False,False,False,False,True,False,False,False,False,False,False
24,0,1206,17,1,4,0,41,2,2,3,4377,24117,1,0,15,3,2,2,5,6,3,4,2,3,2,0.8,0.8196629213483146,0.75,False,True,True,False,False,False,True,False,False,False,False,False,True,False,False,False,False,False,False
35,1,622,14,4,3,1,39,2,1,2,3743,10074,1,1,24,4,4,1,5,2,1,4,2,0,2,0.8,1.40187265917603,0.0,False,True,True,False,False,False,False,True,False,False,True,False,False,False,False,False,False,False,False
31,0,853,1,1,3,0,96,3,2,1,4148,11275,1,0,12,3,3,1,4,1,3,4,3,0,3,1.0,0.7767790262172285,0.0,True,False,True,False,True,False,False,False,False,False,False,False,True,False,False,False,False,True,False
18,0,287,5,2,2,1,73,3,1,4,1051,13493,1,0,15,3,4,0,0,2,3,0,0,0,0,0.0,0.3936329588014981,0.0,False,False,True,False,True,False,False,False,False,False,False,False,False,False,True,False,False,False,True
54,0,1441,17,3,3,0,56,3,3,3,10739,13943,8,0,11,3,3,1,22,2,3,10,7,0,8,0.45454545454545453,1.0760521042084168,0.0,False,True,True,False,False,False,False,False,True,False,False,False,True,False,False,False,False,True,False
35,0,583,25,4,3,0,57,3,3,3,10388,6975,1,1,11,3,3,1,16,3,2,16,10,10,1,1.0,1.0408817635270542,0.625,False,True,True,False,False,False,True,False,False,False,False,False,False,False,False,False,False,False,False
30,0,153,8,2,2,0,73,4,3,1,11416,17802,0,1,12,3,3,3,9,4,2,8,7,1,7,0.8888888888888888,1.143887775551102,0.125,False,True,True,False,True,False,False,False,False,False,False,False,False,True,False,False,False,True,False
20,1,1097,11,3,4,0,98,2,1,1,2600,18275,1,1,15,3,1,0,1,2,3,1,0,0,0,1.0,0.9737827715355806,0.0,False,True,True,False,False,False,True,False,False,False,False,False,False,False,True,False,False,False,True
30,1,109,5,3,2,0,60,3,1,2,2422,25725,0,0,17,3,1,0,4,3,3,3,2,1,2,0.75,0.9071161048689138,0.3333333333333333,True,False,True,False,False,False,True,False,False,False,True,False,False,False,False,False,False,False,True
26,0,1066,2,2,4,1,32,4,2,4,5472,3334,1,0,12,3,2,0,8,2,3,8,7,1,3,1.0,1.0247191011235954,0.125,False,True,True,False,False,False,True,False,False,False,False,False,True,False,False,False,False,True,False
22,0,217,8,1,2,1,94,1,1,1,2451,6881,1,0,15,3,1,1,4,3,2,4,3,1,1,1.0,0.9179775280898876,0.25,False,True,True,False,True,False,False,False,False,False,True,False,False,False,False,False,False,True,False
48,0,277,6,3,1,1,97,2,2,3,4240,13119,2,0,13,3,4,0,19,0,3,2,2,2,2,0.10526315789473684,0.7940074906367042,1.0,False,True,True,False,True,False,False,False,False,False,False,False,False,False,False,False,False,False,True
48,0,1355,4,4,3,1,78,2,3,3,10999,22245,7,0,14,3,2,0,27,3,3,15,11,4,8,0.5555555555555556,1.1021042084168338,0.26666666666666666,False,True,True,False,True,False,False,False,False,False,False,False,False,False,False,False,False,False,True
41,0,549,7,2,4,0,42,3,2,3,5003,23371,6,0,14,3,2,0,8,6,3,2,2,2,1,0.25,0.9368913857677903,1.0,False,True,True,False,False,False,True,False,False,False,False,False,True,False,False,False,False,False,True
39,0,466,1,1,4,0,65,2,4,4,12742,7060,1,0,16,3,3,1,21,3,3,21,6,11,8,1.0,0.7887829639717717,0.5238095238095238,False,True,True,False,True,False,False,False,False,False,False,False,True,False,False,False,False,True,False
27,0,1055,2,4,1,0,47,3,2,4,4227,4658,0,0,18,3,2,1,4,2,3,3,2,2,2,0.75,0.7915730337078651,0.6666666666666666,False,True,True,False,True,False,False,False,False,False,False,False,True,False,False,False,False,True,False
35,0,802,10,3,2,1,45,3,1,4,3917,9541,1,0,20,4,1,1,3,4,2,3,2,1,2,1.0,1.4670411985018728,0.3333333333333333,False,True,True,False,False,False,False,True,False,False,True,False,False,False,False,False,False,False,False
42,0,265,5,2,4,1,90,3,5,3,18303,7770,6,0,13,3,2,0,21,3,4,1,0,0,0,0.047619047619047616,0.9516950915141431,0.0,False,True,False,True,False,True,False,False,False,False,False,True,False,False,False,False,False,True,False
50,0,804,9,3,1,1,64,3,1,4,2380,20165,4,0,18,3,2,0,8,5,3,1,0,0,0,0.125,0.8913857677902621,0.0,False,True,True,False,True,False,False,False,False,False,True,False,False,False,False,False,False,True,False
59,0,715,2,3,3,0,69,2,4,4,13726,21829,3,1,13,3,1,0,30,4,3,5,3,4,3,0.16666666666666666,0.849696669555528,0.8,False,True,True,False,True,False,False,False,False,False,False,False,True,False,False,False,False,False,True
37,1,1141,11,2,1,0,61,1,2,2,4777,14382,5,0,15,3,1,0,15,2,1,1,0,0,0,0.06666666666666667,0.8945692883895131,0.0,False,True,True,False,False,False,True,False,False,False,False,False,False,False,False,False,False,True,False
55,0,135,18,4,3,1,62,3,2,2,6385,12992,3,1,14,3,4,2,17,3,3,8,7,6,7,0.47058823529411764,1.195692883895131,0.75,True,False,True,False,False,False,True,False,False,False,False,False,False,False,False,False,False,True,False
41,0,247,7,1,2,0,55,1,5,3,19973,20284,1,0,22,4,2,2,21,3,3,21,16,5,10,1.0,1.038529534109817,0.23809523809523808,False,False,True,False,True,False,False,False,False,False,False,False,False,True,False,False,False,False,False
38,0,1035,3,4,2,1,42,3,2,4,6861,4981,8,1,12,3,3,0,19,1,3,1,0,0,0,0.05263157894736842,1.2848314606741573,0.0,False,True,False,True,True,False,False,False,False,False,False,False,False,False,False,True,False,False,True
26,1,265,29,2,2,1,79,1,2,1,4969,21813,8,0,18,3,4,0,7,6,3,2,2,2,2,0.2857142857142857,0.9305243445692883,1.0,False,False,False,True,False,False,True,False,False,False,False,False,False,False,False,True,False,False,True
52,1,266,2,1,1,0,57,1,5,4,19845,25846,1,0,15,3,4,1,33,3,3,32,14,6,9,0.9696969696969697,1.0318739600665559,0.1875,False,True,False,True,False,True,False,False,False,False,False,True,False,False,False,False,False,True,False
44,0,1448,28,3,4,0,53,4,4,4,13320,11737,3,1,18,3,3,1,23,2,3,12,11,11,11,0.5217391304347826,0.8245635755849944,0.9166666666666666,False,True,False,True,False,False,True,False,False,False,False,False,False,False,False,True,False,True,False
50,0,145,1,3,4,0,95,3,2,3,6347,24920,0,0,12,3,1,1,19,3,3,18,7,0,13,0.9473684210526315,1.1885767790262172,0.0,False,False,False,True,True,False,False,False,False,False,False,False,False,False,False,True,False,True,False
36,1,885,16,4,3,0,43,4,1,1,2743,8269,1,0,16,3,3,0,18,1,3,17,13,15,14,0.9444444444444444,1.0273408239700375,0.8823529411764706,False,True,True,False,True,False,False,False,False,False,True,False,False,False,False,False,False,False,True
39,0,945,22,3,4,0,82,3,3,1,10880,5083,1,1,13,3,3,0,21,2,3,21,6,2,8,1.0,1.0901803607214429,0.09523809523809523,True,False,True,False,False,False,True,False,False,False,False,False,True,False,False,False,False,False,True
33,0,1038,8,1,2,0,88,2,1,4,2342,21437,0,0,19,3,4,0,3,2,2,2,2,2,2,0.6666666666666666,0.8771535580524344,1.0,False,False,False,True,True,False,False,False,False,False,False,False,False,False,False,False,True,False,True
45,0,1234,11,2,4,0,90,3,4,4,17650,5404,3,0,13,3,2,1,26,4,4,9,3,1,1,0.34615384615384615,1.0926086418224588,0.1111111111111111,False,True,False,True,True,False,False,False,False,False,False,True,False,False,False,False,False,True,False
32,0,1109,29,4,4,0,69,3,1,3,4025,11135,9,0,12,3,2,0,10,2,3,8,7,7,7,0.8,1.5074906367041199,0.875,False,False,True,False,False,False,True,False,False,False,True,False,False,False,False,False,False,False,True
34,0,216,1,4,2,1,75,4,2,4,9725,12278,0,0,11,3,4,1,16,2,2,15,1,0,9,0.9375,1.8211610486891385,0.0,False,True,False,True,False,True,False,False,False,False,False,False,False,False,False,True,False,False,False
59,0,1089,1,2,2,1,66,3,3,4,11904,11038,3,1,14,3,3,1,14,1,1,6,4,0,4,0.42857142857142855,1.1927855711422846,0.0,False,True,False,True,False,False,False,False,True,False,False,True,False,False,False,False,False,True,False
45,0,788,24,4,2,1,36,3,1,2,2177,8318,1,0,16,3,1,0,6,3,3,6,3,0,4,1.0,0.8153558052434456,0.0,False,True,False,False,False,False,True,False,False,True,False,False,False,False,False,False,False,False,True
53,0,124,2,3,3,0,38,2,3,2,7525,23537,2,0,12,3,1,1,30,2,3,15,7,6,12,0.5,0.7540080160320641,0.4,True,False,False,True,False,True,False,False,False,False,False,False,False,False,False,True,False,True,False
36,1,660,15,3,1,1,81,3,2,3,4834,7858,7,0,14,3,2,1,9,3,2,1,0,0,0,0.1111111111111111,0.9052434456928838,0.0,False,True,True,False,False,False,False,True,False,False,True,False,False,False,False,False,False,False,False
26,1,342,2,3,1,1,57,3,1,1,2042,15346,6,1,14,3,2,1,6,2,3,3,2,1,2,0.5,0.7647940074906368,0.3333333333333333,True,False,True,False,True,False,False,False,False,False,False,False,False,False,True,False,False,True,False
34,0,1333,10,4,3,0,87,3,1,3,2220,18410,1,1,19,3,4,1,1,2,3,1,1,0,0,1.0,0.8314606741573034,0.0,False,True,False,True,True,False,False,False,False,False,False,False,False,False,False,False,True,True,False
28,0,1144,10,1,4,1,74,3,1,2,1052,23384,1,0,22,4,2,0,1,5,3,1,0,0,0,1.0,0.3940074906367041,0.0,False,True,False,True,False,False,True,False,False,False,False,False,False,False,False,False,True,True,False
38,0,1186,3,4,3,1,44,3,1,3,2821,2997,3,0,16,3,1,1,8,2,3,2,2,2,2,0.25,1.0565543071161048,1.0,True,False,True,False,False,False,False,True,False,False,False,False,False,False,True,False,False,True,False
50,0,1464,2,4,2,1,62,3,5,3,19237,12853,2,1,11,3,4,1,29,2,2,8,1,7,7,0.27586206896551724,1.0002599833610648,0.875,False,True,True,False,False,False,True,False,False,False,False,False,False,True,False,False,False,True,False
37,0,124,3,3,4,0,35,3,2,2,4107,13848,3,0,15,3,1,0,8,3,2,4,3,0,1,0.5,0.7691011235955056,0.0,False,True,True,False,False,False,False,True,False,False,False,False,False,False,False,False,False,False,True
40,0,300,26,3,3,1,74,3,2,1,8396,22217,1,0,14,3,2,1,8,3,2,7,7,7,5,0.875,1.5722846441947567,1.0,False,True,False,True,False,True,False,False,False,False,False,False,False,False,False,True,False,True,False
26,0,921,1,1,1,0,66,2,1,3,2007,25265,1,0,13,3,3,2,5,5,3,5,3,1,3,1.0,0.751685393258427,0.2,True,False,True,False,False,False,True,False,False,False,False,False,False,False,True,False,False,False,False
46,0,430,1,4,4,1,40,3,5,4,19627,21445,9,0,17,3,4,2,23,0,3,2,2,2,2,0.08695652173913043,1.0205386855241265,1.0,False,True,True,False,False,False,True,False,False,False,False,False,False,True,False,False,False,False,False
54,0,1082,2,4,3,0,41,2,3,3,10686,8392,6,0,11,3,2,1,13,4,3,9,4,7,0,0.6923076923076923,1.0707414829659319,0.7777777777777778,False,True,False,True,True,False,False,False,False,False,False,False,False,False,False,True,False,True,False
56,0,1240,9,3,1,0,63,3,1,3,2942,12154,2,0,19,3,2,1,18,4,3,5,4,0,3,0.2777777777777778,1.10187265917603,0.0,True,False,True,False,False,False,True,False,False,False,False,False,False,False,True,False,False,True,False
36,0,796,12,5,4,0,51,2,3,4,8858,15669,0,0,11,3,2,0,15,2,2,14,8,7,8,0.9333333333333333,0.8875751503006012,0.5,False,True,True,False,False,False,True,False,False,False,False,False,True,False,False,False,False,False,True
55,0,444,2,1,3,1,40,2,4,1,16756,17323,7,0,15,3,2,0,31,3,4,9,7,6,2,0.2903225806451613,1.0372663117494119,0.6666666666666666,False,False,True,False,False,False,True,False,False,False,False,True,False,False,False,False,False,False,True
43,0,415,25,3,3,1,79,2,3,4,10798,5268,5,0,13,3,3,1,18,5,3,1,0,0,0,0.05555555555555555,1.0819639278557114,0.0,False,True,False,True,False,False,True,False,False,False,False,False,False,False,False,True,False,False,False
20,1,769,9,3,4,0,54,3,1,4,2323,17205,1,1,14,3,2,0,2,3,3,2,2,0,2,1.0,0.8700374531835205,0.0,True,False,False,True,False,True,False,False,False,False,False,False,False,False,False,False,True,False,True
21,1,1334,10,3,3,0,36,2,1,1,1416,17258,1,0,13,3,1,0,1,6,2,1,0,1,0,1.0,0.5303370786516854,1.0,False,True,True,False,True,False,False,False,False,False,True,False,False,False,False,False,False,False,True
46,0,1003,8,4,4,0,74,2,2,1,4615,21029,8,1,23,4,1,3,19,2,3,16,13,1,7,0.8421052631578947,0.8642322097378277,0.0625,False,True,True,False,True,False,False,False,False,False,False,False,False,False,True,False,False,False,False
51,1,1323,4,4,1,1,34,3,1,3,2461,10332,9,1,12,3,3,3,18,2,4,10,0,2,7,0.5555555555555556,0.9217228464419476,0.2,False,True,True,False,True,False,False,False,False,False,False,False,False,False,True,False,False,True,False
28,1,1366,24,2,2,1,72,2,3,1,8722,12355,1,0,12,3,1,0,10,2,2,10,7,1,9,1.0,0.8739478957915832,0.1,False,False,True,False,False,False,False,False,True,False,False,False,False,False,False,False,False,False,True
26,0,192,1,2,1,1,59,2,1,1,3955,11141,1,0,16,3,1,2,6,2,3,5,3,1,3,0.8333333333333334,1.4812734082397003,0.2,False,True,True,False,False,False,True,False,False,False,True,False,False,False,False,False,False,True,False
30,0,1176,20,3,3,1,85,3,2,1,9957,9096,0,0,15,3,3,1,7,1,2,6,2,0,2,0.8571428571428571,1.8646067415730336,0.0,False,True,True,False,False,False,False,True,False,False,False,False,True,False,False,False,False,True,False
41,0,509,7,2,2,0,43,4,1,3,3376,18863,1,0,13,3,3,0,10,3,3,10,6,0,8,1.0,1.2644194756554308,0.0,False,True,True,False,False,False,False,False,True,False,False,False,False,False,True,False,False,True,False
38,0,330,17,1,3,0,65,2,3,3,8823,24608,0,0,18,3,1,1,20,4,2,19,9,1,9,0.95,0.8840681362725451,0.05263157894736842,False,True,True,False,True,False,False,False,False,False,False,False,False,False,False,False,False,True,False
40,0,1492,20,4,1,1,61,3,3,4,10322,26542,4,0,20,4,4,1,14,6,3,11,10,11,1,0.7857142857142857,1.0342685370741482,1.0,False,True,True,False,False,False,False,False,True,False,False,False,False,False,False,False,False,True,False
27,0,1277,8,5,1,1,87,1,1,3,4621,5869,1,0,19,3,4,3,3,4,3,3,2,1,2,1.0,1.7307116104868914,0.3333333333333333,False,False,True,False,True,False,False,False,False,False,True,False,False,False,False,False,False,True,False
55,0,1091,2,1,4,1,65,3,3,2,10976,15813,3,0,18,3,2,1,23,4,3,3,2,1,2,0.13043478260869565,1.0997995991983969,0.3333333333333333,True,False,True,False,True,False,False,False,False,False,False,False,True,False,False,False,False,True,False
28,0,857,10,3,3,0,59,3,2,3,3660,7909,3,0,13,3,4,0,10,4,4,8,7,1,7,0.8,0.6853932584269663,0.125,False,True,True,False,False,False,False,True,False,False,False,False,False,False,True,False,False,False,True
44,1,1376,1,2,2,1,91,2,3,1,10482,2326,9,0,14,3,4,1,24,1,3,20,6,3,6,0.8333333333333334,1.0503006012024048,0.15,False,True,False,False,False,False,True,False,False,True,False,False,False,False,False,False,False,True,False
33,0,654,5,3,4,1,34,2,3,4,7119,21214,4,0,15,3,3,1,9,2,3,3,2,1,2,0.3333333333333333,0.7133266533066133,0.3333333333333333,False,True,True,False,True,False,False,False,False,False,False,False,False,False,False,False,False,False,False
35,1,1204,4,3,4,1,86,3,3,1,9582,10333,0,1,22,4,1,0,9,2,3,8,7,4,7,0.8888888888888888,0.9601202404809619,0.5,False,True,False,True,False,False,False,False,True,False,False,False,False,False,False,True,False,False,True
33,1,827,29,4,1,0,54,2,2,3,4508,3129,1,0,22,4,2,0,14,4,3,13,7,3,8,0.9285714285714286,0.8441947565543071,0.23076923076923078,True,False,True,False,False,False,True,False,False,False,False,False,False,False,True,False,False,False,True
28,0,895,15,2,1,1,50,3,1,3,2207,22482,1,0,16,3,4,1,4,5,2,4,2,2,2,1.0,0.8265917602996254,0.5,False,True,True,False,True,False,False,False,False,False,True,False,False,False,False,False,False,False,False
34,0,618,3,1,1,1,45,3,2,4,7756,22266,0,0,17,3,3,0,7,1,2,6,2,0,4,0.8571428571428571,1.452434456928839,0.0,True,False,True,False,True,False,False,False,False,False,False,False,False,False,False,False,False,False,True
37,0,309,10,4,4,0,88,2,2,4,6694,24223,2,1,14,3,3,3,8,5,3,1,0,0,0,0.125,1.253558052434457,0.0,False,True,False,True,True,False,False,False,False,False,False,False,False,False,False,True,False,False,False
25,1,1219,4,1,4,1,32,3,1,4,3691,4605,1,1,15,3,2,1,7,3,4,7,7,5,6,1.0,1.3823970037453184,0.7142857142857143,False,True,True,False,False,False,False,False,True,False,True,False,False,False,False,False,False,True,False
26,1,1330,21,3,1,1,37,3,1,3,2377,19373,1,0,20,4,3,1,1,0,2,1,1,0,0,1.0,0.8902621722846442,0.0,False,True,True,False,False,False,True,False,False,False,True,False,False,False,False,False,False,False,False
33,1,1017,25,3,1,1,55,2,1,2,2313,2993,4,1,20,4,2,0,5,0,3,2,2,2,2,0.4,0.8662921348314607,1.0,False,True,True,False,False,False,True,False,False,False,False,False,False,False,True,False,False,False,True
42,0,469,2,2,4,1,35,3,4,1,17665,14399,0,0,17,3,4,1,23,3,3,22,6,13,7,0.9565217391304348,1.093537204407577,0.5909090909090909,False,True,True,False,False,False,True,False,False,False,False,True,False,False,False,False,False,True,False
28,1,1009,1,3,1,1,45,2,1,2,2596,7160,1,0,15,3,1,2,1,2,3,1,0,0,0,1.0,0.9722846441947566,0.0,True,False,True,False,False,False,True,False,False,False,True,False,False,False,False,False,False,False,False
50,1,959,1,4,4,1,81,3,2,3,4728,17251,3,1,14,3,4,0,5,4,3,0,0,0,0,0.0,0.8853932584269663,0.0,True,False,False,True,False,False,False,True,False,False,False,False,False,False,False,True,False,False,True
33,0,970,7,3,4,0,30,3,2,2,4302,13401,0,0,17,3,3,1,4,3,3,3,2,0,2,0.75,0.8056179775280898,0.0,True,False,False,True,True,False,False,False,False,False,False,False,False,False,False,True,False,True,False
34,0,697,3,4,3,1,40,2,1,4,2979,22478,3,0,17,3,4,3,6,2,3,0,0,0,0,0.0,1.1157303370786518,0.0,False,False,True,False,True,False,False,False,False,False,False,False,False,False,True,False,False,True,False
48,0,1262,1,4,1,1,35,4,4,4,16885,16154,2,0,22,4,3,0,27,3,2,5,4,2,1,0.18518518518518517,1.0452519499814288,0.4,False,False,True,False,False,False,True,False,False,False,False,True,False,False,False,False,False,False,True
45,0,1050,9,4,2,0,65,2,2,3,5593,17970,1,0,13,3,4,1,15,2,3,15,10,4,12,1.0,1.047378277153558,0.26666666666666666,False,False,False,True,True,False,False,False,False,False,False,False,False,False,False,True,False,True,False
52,0,994,7,4,2,1,87,3,3,2,10445,15322,7,0,19,3,4,0,18,4,3,8,6,4,0,0.4444444444444444,1.0465931863727456,0.5,False,True,True,False,True,False,False,False,False,False,False,False,False,False,False,False,False,False,True
38,0,770,10,4,3,1,73,2,3,3,8740,5569,0,1,14,3,2,2,9,2,3,8,7,2,7,0.8888888888888888,0.875751503006012,0.25,False,True,False,True,False,True,False,False,False,False,False,False,False,False,False,True,False,False,False
29,0,1107,28,4,3,0,93,3,1,4,2514,26968,4,0,22,4,1,1,11,1,3,7,5,1,7,0.6363636363636364,0.9415730337078652,0.14285714285714285,False,True,True,False,True,False,False,False,False,False,False,False,False,False,True,False,False,False,False
28,0,950,3,3,4,0,93,3,3,2,7655,8039,0,0,17,3,2,3,10,3,2,9,7,1,7,0.9,0.7670340681362725,0.1111111111111111,False,True,True,False,False,False,True,False,False,False,False,False,True,False,False,False,False,False,False
46,0,406,3,1,1,1,52,3,4,3,17465,15596,3,0,12,3,4,1,23,3,3,12,9,4,9,0.5217391304347826,1.0811563699393338,0.3333333333333333,False,True,False,True,False,True,False,False,False,False,False,True,False,False,False,False,False,True,False
38,0,130,2,2,4,1,32,3,3,2,7351,20619,7,0,16,3,3,0,10,2,3,1,0,0,0,0.1,0.7365731462925852,0.0,False,True,False,True,False,True,False,False,False,False,False,False,False,False,False,True,False,False,True
43,0,1082,27,3,3,0,83,3,3,1,10820,11535,8,0,11,3,3,1,18,1,3,8,7,0,1,0.4444444444444444,1.0841683366733468,0.0,True,False,True,False,True,False,False,False,False,False,False,False,True,False,False,False,False,True,False
39,1,203,2,3,1,1,84,3,4,4,12169,13547,7,0,11,3,4,3,21,4,3,18,7,11,5,0.8571428571428571,0.7533118732202551,0.6111111111111112,True,False,True,False,True,False,False,False,False,False,False,False,False,False,False,False,False,False,False
40,0,1308,14,3,3,1,44,2,5,3,19626,17544,1,0,14,3,1,0,21,2,4,20,7,4,9,0.9523809523809523,1.0204866888519135,0.2,False,True,True,False,False,False,True,False,False,False,False,False,False,True,False,False,False,False,True
21,0,984,1,1,4,0,70,2,1,2,2070,25326,1,1,11,3,3,0,2,6,4,2,2,2,2,1.0,0.7752808988764045,1.0,False,True,True,False,False,False,False,False,True,False,False,False,False,False,True,False,False,False,True
39,0,439,9,3,3,1,70,3,2,2,6782,8770,9,0,15,3,3,0,9,2,2,5,4,0,3,0.5555555555555556,1.2700374531835206,0.0,False,False,True,False,True,False,False,False,False,False,True,False,False,False,False,False,False,False,True
36,0,217,18,4,1,1,78,3,2,4,7779,23238,2,0,20,4,1,0,18,0,3,11,9,0,9,0.6111111111111112,1.4567415730337079,0.0,False,False,True,False,True,False,False,False,False,False,False,False,True,False,False,False,False,False,True
31,0,793,20,3,3,1,67,4,1,4,2791,21981,0,0,12,3,1,1,3,4,3,2,2,2,2,0.6666666666666666,1.0453183520599252,1.0,True,False,False,True,True,False,False,False,False,False,False,False,False,False,False,False,True,True,False
28,0,1451,2,1,1,1,67,2,1,2,3201,19911,0,0,17,3,1,0,6,2,1,5,3,0,4,0.8333333333333334,1.198876404494382,0.0,False,True,True,False,True,False,False,False,False,False,False,False,False,False,True,False,False,True,False
35,0,1182,11,2,4,1,54,3,2,4,4968,18500,1,0,11,3,4,1,5,3,3,5,2,0,2,1.0,0.9303370786516854,0.0,True,False,False,True,False,True,False,False,False,False,False,False,False,False,False,True,False,False,False
49,0,174,8,4,4,1,56,2,4,2,13120,11879,6,0,17,3,2,1,22,3,3,9,8,2,3,0.4090909090909091,0.8121827411167513,0.2222222222222222,False,True,False,True,False,False,False,False,True,False,False,False,False,False,False,True,False,True,False
34,0,1003,2,2,4,1,95,3,2,3,4033,15834,2,0,11,3,4,0,5,3,2,3,2,0,2,0.6,0.7552434456928839,0.0,True,False,True,False,True,False,False,False,False,False,False,False,True,False,False,False,False,False,True
29,0,490,10,3,4,0,61,3,1,2,3291,17940,0,0,14,3,4,2,8,2,2,7,5,1,1,0.875,1.2325842696629215,0.14285714285714285,True,False,True,False,True,False,False,False,False,False,False,False,False,False,True,False,False,False,False
42,0,188,29,3,2,1,56,1,2,4,4272,9558,4,0,19,3,1,0,16,3,3,1,0,0,0,0.0625,0.8,0.0,False,True,True,False,False,False,True,False,False,False,True,False,False,False,False,False,False,False,True
29,0,718,8,1,2,1,79,2,2,4,5056,17689,1,1,15,3,3,1,10,2,2,10,7,1,2,1.0,0.9468164794007491,0.1,False,True,True,False,False,False,True,False,False,False,False,False,True,False,False,False,False,True,False
38,0,433,1,3,3,1,37,4,1,3,2844,6004,1,0,13,3,4,1,7,2,4,7,6,5,0,1.0,1.0651685393258428,0.7142857142857143,False,True,False,False,False,False,False,False,False,True,False,False,False,False,False,False,False,True,False
28,0,773,6,3,3,1,39,2,1,3,2703,22088,1,1,14,3,4,1,3,2,3,3,1,0,2,1.0,1.0123595505617977,0.0,True,False,True,False,True,False,False,False,False,False,False,False,False,False,True,False,False,False,False
18,1,247,8,1,3,1,80,3,1,3,1904,13556,1,0,12,3,4,0,0,0,3,0,0,0,0,0.0,0.7131086142322097,0.0,False,False,True,False,False,False,True,False,False,False,True,False,False,False,False,False,False,False,True
33,1,603,9,4,1,0,77,3,2,1,8224,18385,0,1,17,3,1,0,6,3,3,5,2,0,3,0.8333333333333334,1.5400749063670411,0.0,False,True,False,True,False,True,False,False,False,False,False,False,False,False,False,True,False,False,True
41,0,167,12,4,2,1,46,3,1,4,4766,9051,3,1,11,3,1,1,6,4,3,1,0,0,0,0.16666666666666666,1.7850187265917603,0.0,False,True,True,False,True,False,False,False,False,False,True,False,False,False,False,False,False,True,False
31,1,874,15,3,3,1,72,3,1,3,2610,6233,1,0,12,3,3,1,2,5,2,2,2,2,2,1.0,0.9775280898876404,1.0,True,False,True,False,False,False,True,False,False,False,True,False,False,False,False,False,False,True,False
37,0,367,25,2,3,0,52,2,2,4,5731,17171,7,0,13,3,3,2,9,2,3,6,2,1,3,0.6666666666666666,1.0732209737827716,0.16666666666666666,False,True,True,False,False,False,True,False,False,False,False,False,False,False,False,False,False,False,False
27,0,199,6,3,4,1,55,2,1,3,2539,7950,1,0,13,3,3,1,4,0,3,4,2,2,2,1.0,0.950936329588015,0.5,False,True,True,False,True,False,False,False,False,False,False,False,False,False,True,False,False,True,False
34,0,1400,9,1,2,0,70,3,2,3,5714,5829,1,0,20,4,1,0,6,3,2,6,5,1,3,1.0,1.0700374531835206,0.16666666666666666,False,True,False,True,True,False,False,False,False,False,False,False,False,False,False,True,False,True,False
35,0,528,8,4,3,1,100,3,1,3,4323,7108,1,0,17,3,2,0,6,2,1,5,4,1,4,0.8333333333333334,1.6191011235955055,0.2,False,True,False,False,False,False,False,False,True,True,False,False,False,False,False,False,False,False,True
29,1,408,23,1,4,0,45,2,3,1,7336,11162,1,0,13,3,1,1,11,3,1,11,8,3,10,1.0,0.7350701402805612,0.2727272727272727,False,True,False,True,True,False,False,False,False,False,False,False,False,False,False,True,False,True,False
40,0,593,9,4,2,0,88,3,3,3,13499,13782,9,0,17,3,3,0,20,3,2,18,7,2,13,0.9,1.3526052104208417,0.1111111111111111,True,False,True,False,False,False,True,False,False,False,False,False,False,True,False,False,False,False,True
42,1,481,12,3,3,1,44,3,4,1,13758,2447,0,1,12,3,2,0,22,2,2,21,9,13,14,0.9545454545454546,0.8516776030704469,0.6190476190476191,True,False,False,True,True,False,False,False,False,False,False,False,False,False,False,True,False,False,True
42,0,647,4,4,2,1,45,3,2,1,5155,2253,7,0,13,3,4,0,9,3,4,6,4,1,5,0.6666666666666666,0.9653558052434457,0.16666666666666666,False,True,False,True,False,True,False,False,False,False,False,False,False,False,False,True,False,False,True
35,0,982,1,4,4,1,58,2,1,3,2258,16340,6,0,12,3,2,1,10,2,3,8,0,1,7,0.8,0.8456928838951311,0.125,False,True,True,False,False,False,True,False,False,False,True,False,False,False,False,False,False,True,False
24,0,477,24,3,4,1,49,3,1,2,3597,6409,8,0,22,4,4,0,6,2,3,4,3,1,2,0.6666666666666666,1.347191011235955,0.25,False,True,True,False,False,False,True,False,False,False,True,False,False,False,False,False,False,False,True
28,1,1485,12,1,3,0,79,3,1,4,2515,22955,1,1,11,3,4,0,1,4,2,1,1,0,0,1.0,0.9419475655430711,0.0,False,True,True,False,True,False,False,False,False,False,True,False,False,False,False,False,False,True,False
26,0,1384,3,4,1,1,82,4,1,4,4420,13421,1,0,22,4,2,1,8,2,3,8,7,0,7,1.0,1.655430711610487,0.0,False,True,True,False,False,False,True,False,False,False,True,False,False,False,False,False,False,True,False
30,0,852,10,3,3,1,72,2,2,3,6578,2706,1,0,18,3,1,1,10,3,3,10,3,1,4,1.0,1.2318352059925093,0.1,False,True,False,True,False,True,False,False,False,False,False,False,False,False,False,True,False,True,False
40,0,902,26,2,3,0,92,2,2,4,4422,21203,3,1,13,3,4,1,16,3,1,1,1,0,0,0.0625,0.8280898876404494,0.0,True,False,True,False,False,False,True,False,False,False,False,False,False,False,True,False,False,True,False
35,0,819,2,3,3,1,44,2,3,2,10274,19588,2,0,18,3,2,1,15,2,4,7,7,6,4,0.4666666666666667,1.0294589178356714,0.8571428571428571,False,True,True,False,True,False,False,False,False,False,False,False,True,False,False,False,False,False,False
34,0,669,1,3,4,1,97,2,2,1,5343,25755,0,0,20,4,3,0,14,3,3,13,9,4,9,0.9285714285714286,1.000561797752809,0.3076923076923077,True,False,True,False,False,False,True,False,False,False,False,False,False,False,False,False,False,False,True
35,0,636,4,4,4,1,47,2,1,4,2376,26537,1,0,13,3,2,1,2,2,4,2,2,2,2,1.0,0.8898876404494382,1.0,True,False,True,False,False,False,False,True,False,False,True,False,False,False,False,False,False,True,False
43,1,1372,9,3,1,0,85,1,2,3,5346,9489,8,0,13,3,2,0,7,2,2,4,3,1,3,0.5714285714285714,1.001123595505618,0.25,False,True,False,True,False,True,False,False,False,False,False,False,False,False,False,True,False,False,True
32,0,862,2,1,3,0,76,3,1,1,2827,14947,1,0,12,3,3,3,1,3,3,1,0,0,0,1.0,1.0588014981273408,0.0,False,False,False,True,True,False,False,False,False,False,False,False,False,False,False,False,True,False,False
56,0,718,4,4,4,0,92,3,5,1,19943,18575,4,0,13,3,4,1,28,2,3,5,2,4,2,0.17857142857142858,1.0369696339434276,0.8,False,True,True,False,False,False,False,False,True,False,False,True,False,False,False,False,False,False,False
29,0,1401,6,1,2,0,54,3,1,4,3131,26342,1,0,13,3,1,1,10,5,3,10,8,0,8,1.0,1.1726591760299625,0.0,False,True,True,False,False,False,True,False,False,False,True,False,False,False,False,False,False,True,False
19,0,645,9,2,3,1,54,3,1,1,2552,7172,1,0,25,4,3,0,1,4,3,1,1,0,0,1.0,0.9558052434456928,0.0,False,True,True,False,True,False,False,False,False,False,False,False,False,False,True,False,False,False,True
45,0,1457,7,3,1,0,83,3,1,3,4477,20100,4,1,19,3,3,1,7,2,2,3,2,0,2,0.42857142857142855,1.6767790262172284,0.0,False,True,True,False,False,False,True,False,False,False,False,False,False,False,True,False,False,True,False
37,0,977,1,3,4,0,56,2,2,4,6474,9961,1,0,13,3,2,1,14,2,2,14,8,3,11,1.0,1.2123595505617977,0.21428571428571427,False,True,True,False,True,False,False,False,False,False,False,False,True,False,False,False,False,True,False
20,0,805,3,3,1,1,87,2,1,3,3033,12828,1,0,12,3,1,0,2,2,2,2,2,1,2,1.0,1.1359550561797753,0.5,False,True,True,False,True,False,False,False,False,False,True,False,False,False,False,False,False,False,True
44,1,1097,10,4,3,1,96,3,1,3,2936,10826,1,1,11,3,3,0,6,4,3,6,4,0,2,1.0,1.0996254681647941,0.0,False,True,True,False,True,False,False,False,False,False,False,False,False,False,True,False,False,False,True
53,0,1223,7,2,4,0,50,3,5,3,18606,18640,3,0,18,3,2,1,26,6,3,7,7,4,7,0.2692307692307692,0.9674500831946755,0.5714285714285714,False,True,True,False,False,False,True,False,False,False,False,True,False,False,False,False,False,False,False
29,0,942,15,1,2,0,69,1,1,4,2168,26933,0,1,18,3,1,1,6,2,2,5,4,1,3,0.8333333333333334,0.8119850187265918,0.2,False,True,True,False,True,False,False,False,False,False,False,False,False,False,True,False,False,True,False
22,1,1256,3,4,3,1,48,2,1,4,2853,4223,0,1,11,3,2,1,1,5,3,0,0,0,0,0.0,1.0685393258426967,0.0,True,False,True,False,True,False,False,False,False,False,False,False,False,False,True,False,False,True,False
46,0,1402,2,3,3,0,69,3,4,1,17048,24097,8,0,23,4,1,0,28,2,3,26,15,15,9,0.9285714285714286,1.055342330073047,0.5769230769230769,False,True,False,True,False,True,False,False,False,False,False,True,False,False,False,False,False,True,False
44,0,111,17,3,4,1,74,1,1,3,2290,4279,2,0,13,3,4,0,6,3,3,0,0,0,0,0.0,0.8576779026217228,0.0,False,False,True,False,True,False,False,False,False,False,False,False,False,False,True,False,False,False,True
33,0,147,2,3,2,1,99,3,1,3,3600,8429,1,0,13,3,4,1,5,2,3,5,4,1,4,1.0,1.348314606741573,0.2,False,True,False,False,False,False,False,False,False,True,False,False,False,False,False,False,False,True,False
41,1,906,5,2,1,1,95,2,1,1,2107,20293,6,0,17,3,1,1,5,2,1,1,0,0,0,0.2,0.7891385767790262,0.0,False,False,True,False,True,False,False,False,False,False,False,False,False,False,True,False,False,False,False
30,0,1329,29,4,3,1,61,3,2,1,4115,13192,8,0,19,3,3,3,8,3,3,4,3,0,3,0.5,0.7705992509363296,0.0,False,True,False,True,True,False,False,False,False,False,False,False,False,False,False,True,False,False,False
40,0,1184,2,4,2,1,62,3,2,2,4327,25440,5,0,12,3,4,3,5,2,3,0,0,0,0,0.0,0.8102996254681648,0.0,True,False,False,True,False,False,True,False,False,False,False,False,False,False,False,True,False,True,False
50,0,1421,2,3,4,0,30,3,4,1,17856,9490,2,0,22,4,3,1,32,3,3,2,2,2,2,0.0625,1.1053609013247492,1.0,True,False,True,False,False,False,True,False,False,False,False,True,False,False,False,False,False,True,False
28,0,1179,19,4,4,1,78,2,1,1,3196,12449,1,0,12,3,3,3,6,2,3,6,5,3,3,1.0,1.197003745318352,0.5,False,True,True,False,False,False,True,False,False,False,True,False,False,False,False,False,False,True,False
46,0,1450,15,2,4,1,52,3,5,2,19081,10849,5,0,11,3,1,1,25,2,3,4,2,0,3,0.16,0.9921485024958403,0.0,False,True,True,False,True,False,False,False,False,False,False,False,False,True,False,False,False,True,False
35,0,1361,17,4,3,1,94,3,2,1,8966,21026,3,1,15,3,4,3,15,2,3,7,7,1,7,0.4666666666666667,1.6790262172284645,0.14285714285714285,False,True,False,True,True,False,False,False,False,False,False,False,False,False,False,True,False,True,False
24,1,984,17,2,4,0,97,3,1,2,2210,3372,1,0,13,3,1,1,1,3,1,1,0,0,0,1.0,0.8277153558052435,0.0,False,True,True,False,True,False,False,False,False,False,True,False,False,False,False,False,False,True,False
33,0,1146,25,3,2,0,82,3,2,3,4539,4905,1,0,12,3,1,1,10,3,2,10,7,0,1,1.0,0.85,0.0,True,False,False,True,False,False,True,False,False,False,False,False,False,False,False,True,False,True,False
36,0,917,6,4,3,1,60,1,1,3,2741,6865,1,0,14,3,3,1,7,4,3,7,7,1,7,1.0,1.0265917602996255,0.14285714285714285,False,True,True,False,True,False,False,False,False,False,True,False,False,False,False,False,False,False,False
30,0,853,7,4,3,1,49,3,2,3,3491,11309,1,0,13,3,1,3,10,4,2,10,7,8,9,1.0,0.65374531835206,0.8,False,True,True,False,True,False,False,False,False,False,True,False,False,False,False,False,False,False,False
44,0,200,29,4,4,1,32,3,2,4,4541,7744,1,0,25,4,2,0,20,3,3,20,11,13,17,1.0,0.850374531835206,0.65,False,True,True,False,False,False,False,True,False,False,False,False,False,False,True,False,False,False,True
20,0,654,21,3,3,1,43,4,1,4,2678,5050,1,0,17,3,4,0,2,2,3,2,1,2,2,1.0,1.002996254681648,1.0,False,True,False,True,False,True,False,False,False,False,False,False,False,False,False,False,True,False,True
46,0,150,2,4,4,1,60,3,2,4,7379,17433,2,0,11,3,3,1,12,3,2,6,3,1,4,0.5,1.3818352059925094,0.16666666666666666,False,True,True,False,False,False,False,False,True,False,False,False,True,False,False,False,False,False,False
42,0,179,2,5,4,1,79,4,2,1,6272,12858,7,0,16,3,1,1,10,3,4,4,3,0,3,0.4,1.1745318352059926,0.0,False,False,False,False,False,False,True,False,False,True,False,False,False,False,False,False,False,True,False
60,0,696,7,4,2,1,52,4,2,4,5220,10893,0,1,18,3,2,1,12,3,3,11,7,1,9,0.9166666666666666,0.9775280898876404,0.09090909090909091,False,True,False,True,False,True,False,False,False,False,False,False,False,False,False,True,False,False,False
32,0,116,13,3,3,0,77,2,1,2,2743,7331,1,0,20,4,3,1,2,2,3,2,2,2,2,1.0,1.0273408239700375,1.0,True,False,True,False,False,False,False,True,False,False,True,False,False,False,False,False,False,True,False
32,0,1316,2,2,4,0,38,3,2,3,4998,2338,4,1,14,3,4,0,10,2,3,8,7,0,7,0.8,0.9359550561797753,0.0,True,False,True,False,True,False,False,False,False,False,False,False,False,False,True,False,False,False,True
36,0,363,1,3,3,0,77,1,3,1,10252,4235,2,1,21,4,3,1,17,2,3,7,7,7,7,0.4117647058823529,1.027254509018036,1.0,False,True,True,False,False,False,False,False,True,False,False,False,True,False,False,False,False,False,False
33,0,117,9,3,1,1,60,3,1,4,2781,6311,0,0,13,3,2,1,15,5,3,14,10,4,10,0.9333333333333333,1.0415730337078652,0.2857142857142857,False,True,True,False,False,False,True,False,False,False,False,False,False,False,True,False,False,True,False
40,0,107,10,3,2,0,84,2,2,2,6852,11591,7,0,12,3,2,1,7,2,4,5,1,1,3,0.7142857142857143,1.2831460674157302,0.2,False,True,False,True,False,False,False,False,True,False,False,False,False,False,False,True,False,False,False
25,0,1356,10,4,3,1,57,3,2,4,4950,20623,0,0,14,3,2,0,5,4,3,4,3,1,1,0.8,0.9269662921348315,0.25,False,True,False,True,True,False,False,False,False,False,False,False,False,False,False,True,False,False,True
30,0,1465,1,3,4,1,63,3,1,2,3579,9369,0,1,21,4,1,1,12,2,3,11,9,5,7,0.9166666666666666,1.3404494382022472,0.45454545454545453,False,True,True,False,False,False,True,False,False,False,False,False,False,False,True,False,False,True,False
42,0,458,26,5,1,0,60,3,3,1,13191,23281,3,1,17,3,3,0,20,6,3,1,0,0,0,0.05,1.321743486973948,0.0,True,False,True,False,False,False,True,False,False,False,False,False,False,True,False,False,False,True,False
35,0,1212,8,2,3,0,78,2,3,4,10377,13755,4,1,11,3,2,1,16,6,2,13,2,4,12,0.8125,1.0397795591182364,0.3076923076923077,False,False,False,True,False,True,False,False,False,False,False,False,False,False,False,True,False,True,False
27,0,1103,14,3,1,1,42,3,1,1,2235,14377,1,1,14,3,4,2,9,3,2,9,7,6,8,1.0,0.8370786516853933,0.6666666666666666,False,True,True,False,True,False,False,False,False,False,False,False,False,False,True,False,False,True,False
54,0,966,1,4,4,0,53,3,3,3,10502,9659,7,0,17,3,1,1,33,2,1,5,4,1,4,0.15151515151515152,1.052304609218437,0.2,True,False,True,False,True,False,False,False,False,False,False,False,True,False,False,False,False,False,False
44,0,1117,2,1,1,0,72,4,1,4,2011,19982,1,0,13,3,4,1,10,5,3,10,5,7,7,1.0,0.753183520599251,0.7,False,True,True,False,True,False,False,False,False,False,False,False,False,False,True,False,False,True,False
19,1,504,10,3,1,0,96,2,1,2,1859,6148,1,1,25,4,2,0,1,2,4,1,1,0,0,1.0,0.69625468164794,0.0,False,False,True,False,False,False,True,False,False,False,False,False,False,False,True,False,False,False,True
29,0,1010,1,3,1,0,97,3,1,4,3760,5598,1,0,15,3,1,3,3,5,3,3,2,1,2,1.0,1.408239700374532,0.3333333333333333,False,True,True,False,True,False,False,False,False,False,False,False,False,False,True,False,False,False,False
54,0,685,3,3,4,1,85,3,4,4,17779,23474,3,0,14,3,1,0,36,2,3,10,9,0,9,0.2777777777777778,1.1005942800544757,0.0,False,True,True,False,True,False,False,False,False,False,False,False,False,True,False,False,False,True,False
31,0,1332,11,2,3,1,80,3,2,1,6833,17089,1,1,12,3,4,0,6,2,2,6,5,0,1,1.0,1.2795880149812735,0.0,False,True,True,False,False,False,True,False,False,False,False,False,False,False,False,False,False,True,False
31,0,1062,24,3,3,0,96,2,2,1,6812,17198,1,0,19,3,2,0,10,2,3,10,9,1,8,1.0,1.2756554307116106,0.1,False,True,True,False,False,False,True,False,False,False,False,False,False,False,False,False,False,False,True
59,0,326,3,3,3,0,48,2,2,4,5171,16490,5,0,17,3,4,0,13,2,3,6,1,0,5,0.46153846153846156,0.9683520599250937,0.0,False,True,False,True,True,False,False,False,False,False,False,False,False,False,False,True,False,False,True
43,0,920,3,3,3,1,96,1,5,4,19740,18625,3,0,14,3,2,1,25,2,3,8,7,0,7,0.32,1.026414309484193,0.0,False,True,True,False,True,False,False,False,False,False,False,False,False,True,False,False,False,True,False
49,0,1098,4,2,1,1,85,2,5,3,18711,12124,2,0,13,3,3,1,23,2,4,1,0,0,0,0.043478260869565216,0.9729097337770383,0.0,False,True,True,False,False,False,True,False,False,False,False,True,False,False,False,False,False,True,False
36,0,469,3,3,3,1,46,3,1,2,3692,9256,1,0,12,3,3,0,12,2,2,11,10,0,7,0.9166666666666666,1.3827715355805243,0.0,True,False,True,False,False,False,False,False,True,False,False,False,False,False,True,False,False,True,False
48,0,969,2,2,4,1,76,4,1,2,2559,16620,5,0,11,3,3,0,7,4,2,1,0,0,0,0.14285714285714285,0.9584269662921349,0.0,False,True,True,False,False,False,False,False,True,False,True,False,False,False,False,False,False,False,True
27,0,1167,4,2,1,1,76,3,1,3,2517,3208,1,0,11,3,2,3,5,2,3,5,3,0,3,1.0,0.9426966292134832,0.0,False,True,True,False,True,False,False,False,False,False,False,False,False,False,True,False,False,False,False
29,0,1329,7,3,3,1,82,3,2,4,6623,4204,1,1,11,3,2,2,6,2,3,6,0,1,0,1.0,1.2402621722846443,0.16666666666666666,False,True,True,False,True,False,False,False,False,False,False,False,False,False,False,False,False,False,False
48,0,715,1,3,4,1,76,2,5,4,18265,8733,6,0,12,3,3,0,25,3,4,1,0,0,0,0.04,0.9497192179700499,0.0,False,True,True,False,True,False,False,False,False,False,False,False,False,True,False,False,False,False,True
29,0,694,1,3,4,0,87,2,4,4,16124,3423,3,0,14,3,2,2,9,2,2,7,7,1,7,0.7777777777777778,0.9981428748297635,0.14285714285714285,False,True,True,False,True,False,False,False,False,False,False,False,False,True,False,False,False,False,False
34,0,1320,20,3,3,0,89,4,1,3,2585,21643,0,0,17,3,4,0,2,5,2,1,0,0,0,0.5,0.9681647940074907,0.0,False,True,True,False,False,False,False,False,True,False,False,False,False,False,True,False,False,True,False
44,0,1099,5,3,2,1,88,3,5,2,18213,8751,7,0,11,3,3,1,26,5,3,22,9,3,10,0.8461538461538461,0.947015391014975,0.13636363636363635,False,True,False,True,False,True,False,False,False,False,False,True,False,False,False,False,False,True,False
33,0,536,10,5,4,1,82,4,3,3,8380,21708,0,1,14,3,4,2,10,3,3,9,8,0,8,0.9,0.8396793587174348,0.0,False,True,False,True,False,True,False,False,False,False,False,False,False,False,False,True,False,False,False
19,0,265,25,3,2,0,57,4,1,4,2994,21221,1,1,12,3,4,0,1,2,3,1,0,0,1,1.0,1.1213483146067416,0.0,False,True,True,False,True,False,False,False,False,False,False,False,False,False,True,False,False,False,True
23,0,373,1,2,4,1,47,3,1,3,1223,16901,1,0,22,4,4,1,1,2,3,1,0,0,1,1.0,0.45805243445692884,0.0,False,True,True,False,True,False,False,False,False,False,False,False,False,False,True,False,False,True,False
25,1,599,24,1,3,1,73,1,1,4,1118,8040,1,1,14,3,4,0,1,4,3,1,0,1,0,1.0,0.41872659176029964,1.0,True,False,False,True,True,False,False,False,False,False,False,False,False,False,False,False,True,False,True
26,0,583,4,2,3,1,53,3,1,4,2875,9973,1,1,20,4,2,0,8,2,2,8,5,2,2,1.0,1.0767790262172285,0.25,False,True,True,False,True,False,False,False,False,False,False,False,False,False,True,False,False,False,True
45,1,1449,2,3,1,0,94,1,5,2,18824,2493,2,1,16,3,1,0,26,2,3,24,10,1,11,0.9230769230769231,0.9787853577371048,0.041666666666666664,False,True,False,True,False,True,False,False,False,False,False,True,False,False,False,False,False,False,True
55,0,177,8,1,4,1,37,2,4,2,13577,25592,1,1,15,3,4,1,34,3,3,33,9,15,0,0.9705882352941176,0.8404729478766869,0.45454545454545453,False,False,True,False,False,False,True,False,False,False,False,False,False,False,False,False,False,False,False
21,1,251,10,2,1,0,45,2,1,3,2625,25308,1,0,20,4,3,0,2,2,1,2,2,2,2,1.0,0.9831460674157303,1.0,True,False,True,False,True,False,False,False,False,False,True,False,False,False,False,False,False,False,True
46,0,168,4,2,4,0,33,2,5,2,18789,9946,2,0,14,3,3,1,26,2,3,11,4,0,8,0.4230769230769231,0.9769654742096506,0.0,False,True,False,True,False,True,False,False,False,False,False,True,False,False,False,False,False,True,False
34,0,131,2,3,3,0,86,3,2,1,4538,6039,0,1,12,3,4,0,4,3,3,3,2,0,2,0.75,0.849812734082397,0.0,False,True,False,True,False,True,False,False,False,False,False,False,False,False,False,True,False,False,True
51,0,237,9,3,4,1,83,3,5,2,19847,19196,4,1,24,4,1,1,31,5,2,29,10,11,10,0.9354838709677419,1.0319779534109816,0.3793103448275862,True,False,False,True,True,False,False,False,False,False,False,True,False,False,False,False,False,False,False
59,0,1429,18,4,4,1,67,3,3,4,10512,20002,6,0,12,3,4,0,25,6,2,9,7,5,4,0.36,1.0533066132264528,0.5555555555555556,False,True,True,False,False,False,True,False,False,False,False,False,True,False,False,False,False,False,True
34,0,135,19,3,3,0,46,3,2,2,4444,22534,4,0,13,3,3,2,15,2,4,11,8,5,10,0.7333333333333333,0.8322097378277153,0.45454545454545453,True,False,True,False,False,False,True,False,False,False,True,False,False,False,False,False,False,False,False
28,0,791,1,4,4,1,44,3,1,3,2154,6842,0,1,11,3,3,0,5,2,2,4,2,0,2,0.8,0.8067415730337079,0.0,True,False,True,False,False,False,True,False,False,False,True,False,False,False,False,False,False,False,True
44,0,1199,4,2,3,1,92,4,5,1,19190,17477,1,0,14,3,4,2,26,4,2,25,9,14,13,0.9615384615384616,0.9978161397670549,0.56,False,True,True,False,True,False,False,False,False,False,False,True,False,False,False,False,False,False,False
34,0,648,11,3,3,1,56,2,2,2,4490,21833,4,0,11,3,4,2,14,5,4,10,9,1,8,0.7142857142857143,0.8408239700374532,0.1,True,False,False,False,True,False,False,False,False,True,False,False,False,False,False,False,False,True,False
35,0,735,6,1,3,1,66,3,1,3,3506,6020,0,1,14,3,4,0,4,3,3,3,2,2,2,0.75,1.3131086142322097,0.6666666666666666,False,True,True,False,True,False,False,False,False,False,False,False,False,False,True,False,False,True,False
42,0,603,7,4,2,0,78,4,2,2,2372,5628,6,1,16,3,4,0,18,2,3,1,0,0,0,0.05555555555555555,0.4441947565543071,0.0,False,True,True,False,False,False,True,False,False,False,False,False,False,False,True,False,False,True,False
43,0,531,4,4,4,0,56,2,3,4,10231,20364,3,0,14,3,4,0,23,3,4,21,7,15,17,0.9130434782608695,1.0251503006012024,0.7142857142857143,False,True,False,True,False,True,False,False,False,False,False,False,False,False,False,True,False,False,True
36,0,429,2,4,3,0,53,3,2,2,5410,2323,9,1,11,3,4,0,18,2,3,16,14,5,12,0.8888888888888888,1.0131086142322097,0.3125,False,True,True,False,True,False,False,False,False,False,False,False,True,False,False,False,False,False,True
44,1,621,15,3,1,0,73,3,3,4,7978,14075,1,0,11,3,4,1,10,2,3,10,7,0,5,1.0,0.7993987975951904,0.0,False,True,True,False,False,False,True,False,False,False,False,False,False,False,False,False,False,True,False
28,0,193,2,3,4,1,52,2,1,4,3867,14222,1,1,12,3,2,1,2,2,3,2,2,2,2,1.0,1.448314606741573,1.0,True,False,True,False,True,False,False,False,False,False,True,False,False,False,False,False,False,True,False
51,0,968,6,2,2,0,40,2,1,3,2838,4257,0,0,14,3,2,0,8,6,2,7,0,7,7,0.875,1.0629213483146067,1.0,True,False,True,False,False,False,True,False,False,False,True,False,False,False,False,False,False,False,True
30,0,879,9,2,3,0,72,3,2,3,4695,12858,7,1,18,3,3,0,10,3,3,8,4,1,7,0.8,0.8792134831460674,0.125,False,False,True,False,False,False,True,False,False,False,False,False,True,False,False,False,False,False,True
29,1,806,7,3,2,0,39,3,1,3,3339,17285,3,1,13,3,1,2,10,2,3,7,7,7,7,0.7,1.250561797752809,1.0,False,True,True,False,False,False,False,False,True,False,True,False,False,False,False,False,False,False,False
28,0,640,1,3,4,1,84,3,1,1,2080,4732,2,0,11,3,2,0,5,2,2,3,2,1,2,0.6,0.7790262172284644,0.3333333333333333,False,True,True,False,False,False,False,False,True,False,False,False,False,False,True,False,False,False,True
25,0,266,1,3,4,0,40,3,1,2,2096,18830,1,0,18,3,4,0,2,3,2,2,2,2,1,1.0,0.7850187265917603,1.0,False,True,True,False,False,False,True,False,False,False,False,False,False,False,True,False,False,False,True
32,0,604,8,3,3,1,56,4,2,4,6209,11693,1,0,15,3,3,2,10,4,4,10,7,0,8,1.0,1.1627340823970038,0.0,False,True,False,True,False,False,True,False,False,False,False,False,False,False,False,True,False,True,False
45,0,364,25,3,2,0,83,3,5,2,18061,13035,3,0,22,4,3,0,22,4,3,0,0,0,0,0.0,0.9391118968386023,0.0,True,False,True,False,False,False,True,False,False,False,False,True,False,False,False,False,False,False,True
39,0,412,13,4,3,0,94,2,4,2,17123,17334,6,1,13,3,4,2,21,4,3,19,9,15,2,0.9047619047619048,1.0599851429986382,0.7894736842105263,False,True,True,False,False,False,True,False,False,False,False,True,False,False,False,False,False,False,False
58,0,848,23,4,1,1,88,3,1,3,2372,26076,1,0,12,3,4,2,2,3,3,2,2,2,2,1.0,0.8883895131086142,1.0,False,True,True,False,True,False,False,False,False,False,False,False,False,False,True,False,False,False,False
32,1,1089,7,2,4,1,79,3,2,3,4883,22845,1,0,18,3,1,1,10,3,3,10,4,1,1,1.0,0.9144194756554307,0.1,False,True,True,False,True,False,False,False,False,False,True,False,False,False,False,False,False,True,False
39,1,360,23,3,3,1,93,3,1,1,3904,22154,0,0,13,3,1,0,6,2,3,5,2,0,3,0.8333333333333334,1.4621722846441947,0.0,False,True,True,False,False,False,True,False,False,False,False,False,False,False,True,False,False,False,True
30,0,1138,6,3,1,0,48,2,2,4,4627,23631,0,0,12,3,1,1,10,6,3,9,2,6,7,0.9,0.8664794007490637,0.6666666666666666,False,True,True,False,False,False,False,False,True,False,True,False,False,False,False,False,False,True,False
36,0,325,10,4,4,0,63,3,3,3,7094,5747,3,0,12,3,1,0,10,0,3,7,7,1,7,0.7,0.7108216432865732,0.14285714285714285,False,True,True,False,False,False,False,False,True,False,False,False,False,False,False,False,False,True,False
46,0,991,1,2,4,0,44,3,1,1,3423,22957,6,0,12,3,3,0,10,3,4,7,6,5,7,0.7,1.2820224719101123,0.7142857142857143,False,True,False,False,True,False,False,False,False,True,False,False,False,False,False,False,False,False,True
28,0,1476,1,3,3,0,55,1,2,4,6674,16392,0,0,11,3,1,3,10,6,3,9,8,7,5,0.9,1.249812734082397,0.7777777777777778,False,False,True,False,True,False,False,False,False,False,True,False,False,False,False,False,False,True,False
50,0,1322,28,3,4,0,43,3,4,1,16880,22422,4,1,11,3,2,0,25,2,3,3,2,1,2,0.12,1.0449424291197227,0.3333333333333333,False,True,True,False,True,False,False,False,False,False,False,False,False,True,False,False,False,True,False
40,1,299,25,4,4,1,57,2,3,2,9094,17235,2,1,12,3,3,0,9,2,3,5,4,1,0,0.5555555555555556,0.9112224448897795,0.2,False,True,False,True,False,True,False,False,False,False,False,False,False,False,False,True,False,False,True
52,1,1030,5,3,2,1,64,3,3,2,8446,21534,9,1,19,3,3,0,10,2,2,8,7,7,7,0.8,0.8462925851703407,0.875,False,True,False,True,True,False,False,False,False,False,False,False,False,False,False,True,False,False,True
30,0,634,17,4,2,0,95,3,3,1,11916,25927,1,1,23,4,4,2,9,2,3,9,1,0,8,1.0,1.1939879759519039,0.0,False,True,True,False,False,False,True,False,False,False,False,True,False,False,False,False,False,True,False
39,0,524,18,2,1,1,32,3,2,3,4534,13352,0,0,11,3,1,0,9,6,3,8,7,1,7,0.8888888888888888,0.849063670411985,0.125,False,True,True,False,True,False,False,False,False,False,False,False,True,False,False,False,False,False,True
31,0,587,2,4,4,0,57,3,3,3,9852,8935,1,1,19,3,1,1,10,5,2,10,8,9,6,1.0,0.9871743486973948,0.9,False,False,False,True,True,False,False,False,False,False,False,False,False,False,False,True,False,False,False
41,0,256,10,2,3,1,40,1,2,2,6151,22074,1,0,13,3,1,0,19,4,3,19,2,11,9,1.0,1.15187265917603,0.5789473684210527,False,False,False,True,False,False,True,False,False,False,False,False,False,False,False,True,False,False,True
31,1,1060,1,3,4,0,54,3,1,2,2302,8319,1,1,11,3,1,0,3,2,4,3,2,2,2,1.0,0.8621722846441947,0.6666666666666666,True,False,False,True,True,False,False,False,False,False,False,False,False,False,False,False,True,False,True
44,1,935,3,3,1,1,89,3,1,1,2362,14669,4,0,12,3,3,0,10,4,4,3,2,1,2,0.3,0.8846441947565543,0.3333333333333333,False,True,True,False,True,False,False,False,False,False,True,False,False,False,False,False,False,True,False
42,0,495,2,1,3,1,37,3,4,3,17861,26582,0,1,13,3,4,0,21,3,2,20,8,2,10,0.9523809523809523,1.1056704221864553,0.1,False,False,True,False,True,False,False,False,False,False,False,True,False,False,False,False,False,True,False
55,0,282,2,2,4,0,58,1,5,3,19187,6992,4,0,14,3,4,1,23,5,3,19,9,9,11,0.8260869565217391,0.997660149750416,0.47368421052631576,False,True,True,False,False,False,True,False,False,False,False,True,False,False,False,False,False,True,False
56,0,206,8,4,4,1,99,3,5,2,19717,4022,6,0,14,3,1,0,36,4,3,7,3,7,7,0.19444444444444445,1.0252183860232944,1.0,False,True,False,False,True,False,False,False,False,False,False,True,False,False,False,False,False,False,True
40,0,458,16,2,3,1,74,3,1,3,3544,8532,9,0,16,3,2,1,6,0,3,4,2,0,0,0.6666666666666666,1.3273408239700375,0.0,False,False,True,False,True,False,False,False,False,False,False,False,False,False,True,False,False,False,False
34,0,943,9,3,4,1,86,3,3,4,8500,5494,0,0,11,3,4,1,10,0,2,9,7,1,6,0.9,0.8517034068136272,0.1111111111111111,False,True,True,False,True,False,False,False,False,False,False,False,False,False,False,False,False,False,False
40,0,523,2,3,3,1,98,3,2,4,4661,22455,1,0,13,3,3,0,9,4,3,9,8,8,8,1.0,0.8728464419475656,0.8888888888888888,False,True,True,False,True,False,False,False,False,False,False,False,False,False,True,False,False,False,True
41,0,1018,1,3,3,0,66,3,2,1,4103,4297,0,0,17,3,4,1,10,2,3,9,3,1,7,0.9,0.7683520599250936,0.1111111111111111,True,False,False,True,False,True,False,False,False,False,False,False,False,False,False,True,False,False,False
35,0,482,4,4,3,1,87,3,2,3,4249,2690,1,1,11,3,2,0,9,3,3,9,6,1,1,1.0,0.795692883895131,0.1111111111111111,True,False,True,False,True,False,False,False,False,False,False,False,False,False,True,False,False,False,True
51,0,770,5,3,3,1,84,3,4,2,14026,17588,1,1,11,3,2,1,33,2,3,33,9,0,10,1.0,0.8682679212578928,0.0,False,True,False,False,True,False,False,False,False,False,False,True,False,False,False,False,False,False,False
38,0,1009,2,2,2,0,31,3,2,1,6893,19461,3,0,15,3,4,1,11,3,3,7,7,1,7,0.6363636363636364,1.290823970037453,0.14285714285714285,False,True,False,True,True,False,False,False,False,False,False,False,False,False,False,True,False,False,False
34,0,507,15,2,3,0,66,3,2,1,6125,23553,1,0,12,3,4,0,10,6,4,10,8,9,6,1.0,1.1470037453183521,0.9,False,True,False,True,False,False,True,False,False,False,False,False,False,False,False,True,False,False,True
25,0,882,19,1,4,1,67,3,1,4,3669,9075,3,0,11,3,3,3,7,6,2,3,2,1,2,0.42857142857142855,1.3741573033707866,0.3333333333333333,False,True,True,False,False,False,True,False,False,False,True,False,False,False,False,False,False,True,False
58,1,601,7,4,3,0,53,2,3,1,10008,12023,7,1,14,3,4,0,31,0,2,10,9,5,9,0.3225806451612903,1.0028056112224448,0.5,False,True,True,False,False,False,True,False,False,False,False,False,True,False,False,False,False,True,False
40,0,329,1,4,2,1,88,3,1,2,2387,6762,3,0,22,4,3,1,7,3,3,4,2,0,3,0.5714285714285714,0.8940074906367041,0.0,False,True,True,False,True,False,False,False,False,False,True,False,False,False,False,False,False,True,False
36,0,607,7,3,1,0,83,4,2,1,4639,2261,2,0,16,3,4,1,17,2,2,15,7,6,13,0.8823529411764706,0.8687265917602996,0.4,True,False,False,True,False,True,False,False,False,False,False,False,False,False,False,True,False,True,False
48,0,855,4,3,4,1,54,3,3,4,7898,18706,1,0,11,3,3,0,11,2,3,10,9,0,8,0.9090909090909091,0.7913827655310621,0.0,False,True,True,False,True,False,False,False,False,False,False,False,True,False,False,False,False,False,True
27,0,1291,11,3,3,0,98,4,1,4,2534,6527,8,0,14,3,2,1,5,4,3,1,0,0,0,0.2,0.949063670411985,0.0,False,True,False,True,False,False,True,False,False,False,False,False,False,False,False,False,True,True,False
51,0,1405,11,2,4,0,82,2,4,2,13142,24439,3,0,16,3,2,0,29,1,2,5,2,0,3,0.1724137931034483,0.8135446329082581,0.0,False,True,True,False,False,False,False,False,True,False,False,False,True,False,False,False,False,False,True
18,0,1124,1,3,4,0,97,3,1,4,1611,19305,1,0,15,3,3,0,0,5,4,0,0,0,0,0.0,0.6033707865168539,0.0,False,False,True,False,True,False,False,False,False,False,True,False,False,False,False,False,False,False,True
35,0,817,1,3,4,0,60,2,2,4,5363,10846,0,0,12,3,2,1,10,0,3,9,7,0,0,0.9,1.004307116104869,0.0,False,True,True,False,False,False,True,False,False,False,True,False,False,False,False,False,False,True,False
27,0,793,2,1,4,1,43,1,2,4,5071,20392,3,0,20,4,2,0,8,3,3,6,2,0,0,0.75,0.949625468164794,0.0,True,False,False,True,True,False,False,False,False,False,False,False,False,False,False,True,False,False,True
55,1,267,13,4,1,1,85,4,4,3,13695,9277,6,1,17,3,3,0,24,2,2,19,7,3,8,0.7916666666666666,0.8477776402129503,0.15789473684210525,False,True,False,True,False,True,False,False,False,False,False,False,False,False,False,True,False,False,True
56,0,1369,23,3,4,1,68,3,4,2,13402,18235,4,1,12,3,1,1,33,0,3,19,16,15,9,0.5757575757575758,0.8296397177169741,0.7894736842105263,False,True,True,False,True,False,False,False,False,False,False,False,True,False,False,False,False,True,False
34,0,999,26,1,1,0,92,2,1,3,2029,15891,1,0,20,4,3,3,5,2,3,5,4,0,0,1.0,0.7599250936329588,0.0,False,False,True,False,False,False,False,False,True,False,False,False,False,False,True,False,False,False,False
40,0,1202,2,1,2,0,89,4,2,3,6377,13888,5,0,20,4,2,3,15,0,3,12,11,11,8,0.8,1.1941947565543072,0.9166666666666666,False,True,True,False,False,False,True,False,False,False,False,False,False,False,False,False,False,False,False
34,0,285,29,3,2,1,86,3,2,3,5429,17491,4,0,13,3,1,2,10,1,3,8,7,7,7,0.8,1.0166666666666666,0.875,False,True,True,False,False,False,True,False,False,False,True,False,False,False,False,False,False,True,False
31,1,703,2,3,3,0,90,2,1,4,2785,11882,7,0,14,3,3,0,3,3,4,1,0,0,0,0.3333333333333333,1.0430711610486891,0.0,True,False,False,True,True,False,False,False,False,False,False,False,False,False,False,False,True,False,True
35,1,662,18,4,4,0,67,3,2,3,4614,23288,0,1,18,3,3,1,5,0,2,4,2,3,2,0.8,0.8640449438202247,0.75,True,False,False,True,False,True,False,False,False,False,False,False,False,False,False,True,False,True,False
38,0,693,7,3,4,1,57,4,1,3,2610,15748,1,0,11,3,4,3,4,2,3,4,2,0,3,1.0,0.9775280898876404,0.0,True,False,True,False,True,False,False,False,False,False,False,False,False,False,True,False,False,False,False
34,0,404,2,4,3,0,98,3,2,4,6687,6163,1,0,11,3,4,0,14,2,4,14,11,4,11,1.0,1.252247191011236,0.2857142857142857,False,True,True,False,False,False,False,False,True,False,False,False,False,False,False,False,False,False,True
28,0,736,26,3,3,1,48,2,2,1,4724,24232,1,0,11,3,3,1,5,0,3,5,3,0,4,1.0,0.8846441947565543,0.0,False,True,False,True,True,False,False,False,False,False,False,False,False,False,False,True,False,True,False
31,1,330,22,4,4,1,98,3,2,3,6179,21057,1,1,15,3,4,2,10,3,2,10,2,6,7,1.0,1.1571161048689138,0.6,False,True,True,False,False,False,True,False,False,False,False,False,True,False,False,False,False,True,False
39,0,1498,21,4,1,1,44,2,2,4,6120,3567,3,1,12,3,4,2,8,2,4,5,4,1,4,0.625,1.146067415730337,0.2,False,True,False,True,True,False,False,False,False,False,False,False,False,False,False,True,False,True,False
51,0,541,2,3,2,1,52,3,3,2,10596,15395,2,0,11,3,2,0,14,5,3,4,2,3,2,0.2857142857142857,1.0617234468937875,0.75,True,False,False,True,False,True,False,False,False,False,False,False,False,False,False,True,False,True,False
41,0,1200,22,3,4,0,75,3,2,4,5467,13953,3,1,14,3,1,2,12,4,2,6,2,3,3,0.5,1.0237827715355805,0.5,True,False,True,False,True,False,False,False,False,False,False,False,False,False,True,False,False,False,False
37,0,1439,4,1,3,1,54,3,1,3,2996,5182,7,1,15,3,4,0,8,2,3,6,4,1,3,0.75,1.1220973782771535,0.16666666666666666,False,True,True,False,True,False,False,False,False,False,False,False,False,False,True,False,False,True,False
33,0,1111,5,1,2,1,61,3,2,4,9998,19293,6,0,13,3,1,0,8,2,4,5,4,1,2,0.625,1.8722846441947565,0.2,True,False,False,True,True,False,False,False,False,False,False,False,False,False,False,True,False,True,False
32,0,499,2,1,3,1,36,3,2,2,4078,20497,0,1,13,3,1,3,4,3,2,3,2,1,2,0.75,0.7636704119850187,0.3333333333333333,False,True,False,True,False,True,False,False,False,False,False,False,False,False,False,True,False,True,False
39,0,1485,25,2,3,1,71,3,3,3,10920,3449,3,0,21,4,2,1,13,2,3,6,4,0,5,0.46153846153846156,1.094188376753507,0.0,False,False,True,False,True,False,False,False,False,False,False,False,False,False,False,False,False,True,False
25,0,1372,18,1,1,1,93,4,2,3,6232,12477,2,0,11,3,2,0,6,3,2,3,2,1,2,0.5,1.1670411985018727,0.3333333333333333,False,True,False,True,True,False,False,False,False,False,False,False,False,False,False,True,False,True,False
52,0,322,28,2,4,0,59,4,4,3,13247,9731,2,1,11,3,2,1,24,3,2,5,3,0,2,0.20833333333333334,0.8200445710040857,0.0,True,False,True,False,False,False,True,False,False,False,False,False,True,False,False,False,False,True,False
43,0,930,6,3,1,0,73,2,2,3,4081,20003,1,1,14,3,1,0,20,3,1,20,7,1,8,1.0,0.7642322097378277,0.05,False,True,True,False,False,False,True,False,False,False,False,False,False,False,True,False,False,False,True
27,0,205,10,3,4,0,98,2,2,4,5769,7100,1,1,11,3,4,0,6,3,3,6,2,4,4,1.0,1.0803370786516855,0.6666666666666666,False,True,False,True,False,True,False,False,False,False,False,False,False,False,False,True,False,True,False
27,1,135,17,4,4,0,51,3,1,3,2394,25681,1,1,13,3,4,0,8,2,3,8,2,7,7,1.0,0.8966292134831461,0.875,False,True,True,False,True,False,False,False,False,False,False,False,False,False,True,False,False,False,True
26,0,683,2,1,1,1,36,2,1,4,3904,4050,0,0,12,3,4,0,5,2,3,4,3,1,1,0.8,1.4621722846441947,0.25,False,True,True,False,False,False,True,False,False,False,False,False,False,False,True,False,False,False,True
42,0,1147,10,3,3,0,31,3,4,1,16799,16616,0,0,14,3,3,1,21,5,3,20,7,0,9,0.9523809523809523,1.0399281911600842,0.0,False,True,False,False,False,False,False,False,False,False,False,True,False,False,False,False,False,True,False
52,0,258,8,4,3,0,54,3,1,1,2950,17363,9,0,13,3,3,0,12,2,1,5,4,0,4,0.4166666666666667,1.104868913857678,0.0,False,True,True,False,False,False,False,True,False,False,True,False,False,False,False,False,False,True,False
37,0,1462,11,3,1,0,94,3,1,3,3629,19106,4,0,18,3,1,0,8,6,3,3,2,0,2,0.375,1.3591760299625468,0.0,False,True,True,False,False,False,True,False,False,False,True,False,False,False,False,False,False,False,True
35,0,200,18,2,3,1,60,3,3,4,9362,19944,2,0,11,3,3,0,10,2,3,2,2,2,2,0.2,0.9380761523046092,1.0,True,False,True,False,True,False,False,False,False,False,False,False,True,False,False,False,False,False,True
25,0,949,1,3,1,1,81,3,1,4,3229,4910,4,0,11,3,2,1,7,2,2,3,2,0,2,0.42857142857142855,1.20936329588015,0.0,False,True,True,False,False,False,False,False,True,False,True,False,False,False,False,False,False,True,False
26,0,652,7,3,3,1,100,4,1,1,3578,23577,0,0,12,3,4,0,8,2,3,7,7,0,7,0.875,1.3400749063670412,0.0,False,True,True,False,False,False,False,True,False,False,True,False,False,False,False,False,False,False,True
29,0,332,17,3,2,1,51,2,3,1,7988,9769,1,0,13,3,1,0,10,3,2,10,9,0,9,1.0,0.8004008016032064,0.0,False,True,False,False,False,False,False,True,False,True,False,False,False,False,False,False,False,False,True
49,1,1475,28,2,1,1,97,2,2,1,4284,22710,3,0,20,4,1,0,20,2,3,4,3,1,3,0.2,0.802247191011236,0.25,True,False,True,False,True,False,False,False,False,False,True,False,False,False,False,False,False,False,True
29,1,337,14,1,3,0,84,3,3,4,7553,22930,0,1,12,3,1,0,9,1,3,8,7,7,7,0.8888888888888888,0.7568136272545091,0.875,True,False,True,False,False,False,False,True,False,False,False,False,False,False,False,False,False,False,True
54,0,971,1,3,4,0,54,3,4,4,17328,5652,6,0,19,3,4,0,29,3,2,20,7,12,7,0.6896551724137931,1.0726754983285873,0.6,False,True,True,False,False,False,True,False,False,False,False,False,False,True,False,False,False,False,True
58,0,1055,1,3,4,0,76,3,5,1,19701,22456,3,1,21,4,3,1,32,3,3,9,8,1,5,0.28125,1.0243864392678868,0.1111111111111111,False,True,True,False,False,False,True,False,False,False,False,False,False,True,False,False,False,True,False
55,0,1136,1,4,2,1,81,4,4,4,14732,12414,2,0,13,3,4,2,31,4,4,7,7,0,0,0.22580645161290322,0.9119722669307911,0.0,False,True,True,False,False,False,True,False,False,False,False,False,False,True,False,False,False,False,False
36,0,1174,3,4,1,0,99,3,2,2,9278,20763,3,1,16,3,4,0,15,3,3,5,4,0,1,0.3333333333333333,1.7374531835205993,0.0,False,True,False,True,False,True,False,False,False,False,False,False,False,False,False,True,False,False,True
31,1,667,1,4,2,0,50,1,1,3,1359,16154,1,0,12,3,2,0,1,3,3,1,0,0,0,1.0,0.5089887640449439,0.0,True,False,False,True,True,False,False,False,False,False,False,False,False,False,False,False,True,False,True
30,0,855,7,4,4,0,73,3,2,1,4779,12761,7,0,14,3,2,2,8,3,3,3,2,0,2,0.375,0.8949438202247191,0.0,False,True,False,True,False,True,False,False,False,False,False,False,False,False,False,True,False,False,False
31,0,182,8,5,1,0,93,3,4,2,16422,8847,3,0,11,3,3,0,9,3,4,3,2,1,0,0.3333333333333333,1.0165903181874458,0.3333333333333333,False,True,True,False,True,False,False,False,False,False,False,False,False,True,False,False,False,False,True
34,0,560,1,4,4,1,91,3,1,1,2996,20284,5,0,14,3,3,2,10,2,3,4,3,1,3,0.4,1.1220973782771535,0.25,True,False,True,False,False,False,False,True,False,False,False,False,False,False,True,False,False,False,False
31,1,202,8,3,1,0,34,2,1,2,1261,22262,1,0,12,3,3,0,1,3,4,1,0,0,0,1.0,0.4722846441947566,0.0,False,True,True,False,True,False,False,False,False,False,False,False,False,False,True,False,False,False,True
27,0,1377,11,1,2,1,91,3,1,1,2099,7679,0,0,14,3,2,0,6,3,4,5,0,1,4,0.8333333333333334,0.7861423220973783,0.2,False,True,True,False,True,False,False,False,False,False,True,False,False,False,False,False,False,True,False
36,0,172,4,4,1,1,37,2,2,4,5810,22604,1,0,16,3,3,0,10,2,2,10,4,1,8,1.0,1.0880149812734083,0.1,False,True,True,False,True,False,False,False,False,False,True,False,False,False,False,False,False,False,True
36,0,329,16,4,3,0,98,2,2,1,5647,13494,4,0,13,3,1,2,11,3,2,3,2,0,2,0.2727272727272727,1.05749063670412,0.0,False,True,False,True,False,True,False,False,False,False,False,False,False,False,False,True,False,True,False
47,0,465,1,3,1,1,74,3,1,4,3420,10205,7,0,12,3,3,1,17,2,2,6,5,1,2,0.35294117647058826,1.2808988764044944,0.16666666666666666,False,True,True,False,False,False,False,False,True,False,False,False,False,False,True,False,False,True,False
25,1,383,9,2,1,1,68,2,1,1,4400,15182,3,0,12,3,1,0,6,2,3,3,2,2,2,0.5,1.647940074906367,0.6666666666666666,False,True,False,True,True,False,False,False,False,False,False,False,False,False,False,False,True,True,False
37,0,1413,5,2,3,1,84,4,1,3,3500,25470,0,0,14,3,1,0,7,2,1,6,5,1,3,0.8571428571428571,1.3108614232209739,0.16666666666666666,False,False,True,False,False,False,False,False,True,False,True,False,False,False,False,False,False,False,True
56,0,1255,1,2,1,0,90,3,1,1,2066,10494,2,0,22,4,4,1,5,3,4,3,2,1,0,0.6,0.7737827715355805,0.3333333333333333,False,True,True,False,True,False,False,False,False,False,False,False,False,False,True,False,False,True,False
47,0,359,2,4,1,0,82,3,4,3,17169,26703,3,0,19,3,2,2,26,2,4,20,17,5,6,0.7692307692307693,1.062832734926334,0.25,False,True,True,False,False,False,True,False,False,False,False,False,False,True,False,False,False,True,False
24,0,1476,4,1,4,0,42,3,2,3,4162,15211,1,1,12,3,3,2,5,3,3,5,4,0,3,1.0,0.7794007490636704,0.0,False,True,False,True,False,False,True,False,False,False,False,False,False,False,False,True,False,True,False
32,0,601,7,5,4,1,97,3,2,4,9204,23343,4,0,12,3,3,1,7,3,2,4,3,0,3,0.5714285714285714,1.7235955056179775,0.0,False,True,False,True,False,True,False,False,False,False,False,False,False,False,False,True,False,True,False
34,0,401,1,3,4,0,86,2,1,2,3294,3708,5,0,17,3,1,1,7,2,2,5,4,0,2,0.7142857142857143,1.2337078651685394,0.0,False,True,True,False,True,False,False,False,False,False,True,False,False,False,False,False,False,True,False
41,0,1283,5,5,2,1,90,4,1,3,2127,5561,2,1,12,3,1,0,7,5,2,4,2,0,3,0.5714285714285714,0.7966292134831461,0.0,False,True,True,False,False,False,True,False,False,False,False,False,False,False,True,False,False,True,False
40,0,663,9,4,3,1,81,3,2,3,3975,23099,3,0,11,3,3,2,11,2,4,8,7,0,7,0.7272727272727273,0.7443820224719101,0.0,False,False,True,False,False,False,False,True,False,False,True,False,False,False,False,False,False,False,False
31,0,326,8,2,1,1,31,3,3,4,10793,8386,1,0,18,3,1,1,13,5,3,13,7,9,9,1.0,1.0814629258517034,0.6923076923076923,False,True,False,True,True,False,False,False,False,False,False,False,False,False,False,True,False,False,False
46,1,377,9,3,1,1,52,3,3,4,10096,15986,4,0,11,3,1,1,28,1,4,7,7,4,3,0.25,1.011623246492986,0.5714285714285714,False,True,False,True,False,True,False,False,False,False,False,False,False,False,False,True,False,False,False
39,1,592,2,3,1,0,54,2,1,1,3646,17181,2,1,23,4,2,0,11,2,4,1,0,0,0,0.09090909090909091,1.3655430711610488,0.0,False,False,True,False,True,False,False,False,False,False,True,False,False,False,False,False,False,False,True
31,1,1445,1,5,3,0,100,4,3,2,7446,8931,1,0,11,3,1,0,10,2,3,10,8,4,7,1.0,0.7460921843687375,0.4,True,False,True,False,True,False,False,False,False,False,False,False,True,False,False,False,False,False,True
45,0,1038,20,3,2,1,95,1,3,1,10851,19863,2,1,18,3,2,1,24,2,3,7,7,0,7,0.2916666666666667,1.0872745490981963,0.0,False,True,True,False,False,False,True,False,False,False,False,False,False,False,False,False,False,False,False
31,0,1398,8,2,4,0,96,4,1,2,2109,24609,9,0,18,3,4,0,8,3,3,3,2,0,2,0.375,0.7898876404494382,0.0,False,True,False,False,False,False,True,False,False,True,False,False,False,False,False,False,False,False,True
31,1,523,2,3,2,1,94,3,1,4,3722,21081,6,1,13,3,3,1,7,2,1,2,2,2,2,0.2857142857142857,1.3940074906367041,1.0,True,False,True,False,True,False,False,False,False,False,True,False,False,False,False,False,False,True,False
45,0,1448,29,3,2,1,55,3,3,4,9380,14720,4,1,18,3,4,2,10,4,4,3,1,1,2,0.3,0.9398797595190381,0.3333333333333333,False,True,True,False,False,False,False,False,True,False,False,False,True,False,False,False,False,True,False
48,0,1221,7,3,3,1,96,3,2,1,5486,24795,4,0,11,3,1,3,15,3,3,2,2,2,2,0.13333333333333333,1.0273408239700375,1.0,False,True,False,True,False,True,False,False,False,False,False,False,False,False,False,True,False,False,False
34,1,1107,9,4,1,0,52,3,1,3,2742,3072,1,0,15,3,4,0,2,0,3,2,2,2,2,1.0,1.0269662921348315,1.0,False,True,False,False,False,False,False,False,True,True,False,False,False,False,False,False,False,True,False
40,0,218,8,1,4,1,55,2,3,2,13757,25178,2,0,11,3,3,1,16,5,3,9,8,4,8,0.5625,1.3784569138276552,0.4444444444444444,False,False,True,False,False,False,True,False,False,False,False,False,False,True,False,False,False,False,False
28,0,866,5,3,4,1,84,3,2,1,8463,23490,0,0,18,3,4,0,6,4,3,5,4,1,3,0.8333333333333334,1.5848314606741574,0.2,False,True,False,True,False,False,True,False,False,False,False,False,False,False,False,True,False,False,True
44,0,981,5,3,3,1,90,2,1,3,3162,7973,3,0,14,3,4,0,7,5,3,5,2,0,3,0.7142857142857143,1.1842696629213483,0.0,False,False,True,False,True,False,False,False,False,False,True,False,False,False,False,False,False,False,True
53,0,447,2,3,4,1,39,4,4,2,16598,19764,4,0,12,3,2,0,35,2,2,9,8,8,8,0.2571428571428571,1.0274854525194999,0.8888888888888888,False,True,True,False,False,False,True,False,False,False,False,False,False,True,False,False,False,False,True
49,0,1495,5,4,1,1,96,3,2,3,6651,21534,2,0,14,3,2,1,20,0,2,3,2,1,2,0.15,1.2455056179775281,0.3333333333333333,False,True,True,False,False,False,False,False,True,False,False,False,False,False,False,False,False,True,False
40,0,896,2,3,3,1,68,3,1,3,2345,8045,2,0,14,3,3,1,8,3,4,3,1,1,2,0.375,0.8782771535580525,0.3333333333333333,False,True,True,False,False,False,True,False,False,False,False,False,False,False,True,False,False,False,False
44,0,1467,20,3,4,1,49,3,1,2,3420,21158,1,0,13,3,3,0,6,3,2,5,2,1,3,0.8333333333333334,1.2808988764044944,0.2,False,True,True,False,True,False,False,False,False,False,False,False,False,False,True,False,False,False,True
33,0,430,7,3,4,1,54,3,2,1,4373,17456,0,0,14,3,1,2,5,2,3,4,3,0,3,0.8,0.8189138576779026,0.0,True,False,False,True,False,False,True,False,False,False,False,False,False,False,False,True,False,True,False
34,0,1326,3,3,4,1,81,1,2,1,4759,15891,3,0,18,3,4,0,15,2,3,13,9,3,12,0.8666666666666667,0.8911985018726591,0.23076923076923078,False,True,False,True,False,False,False,True,False,False,False,False,False,False,False,True,False,False,True
30,0,1358,16,1,4,1,96,3,2,3,5301,2939,8,0,15,3,3,2,4,2,2,2,1,2,2,0.5,0.9926966292134831,1.0,False,True,False,True,True,False,False,False,False,False,False,False,False,False,False,True,False,True,False
42,0,748,9,2,1,0,74,3,1,4,3673,16458,1,0,13,3,3,0,12,3,3,12,9,5,8,1.0,1.3756554307116104,0.4166666666666667,True,False,True,False,False,False,True,False,False,False,True,False,False,False,False,False,False,False,True
44,0,383,1,5,1,0,79,3,2,3,4768,9282,7,0,12,3,3,1,11,4,2,1,0,0,0,0.09090909090909091,0.8928838951310861,0.0,True,False,False,True,False,True,False,False,False,False,False,False,False,False,False,True,False,True,False
30,0,990,7,3,3,1,64,3,1,3,1274,7152,1,0,13,3,2,2,1,2,2,1,0,0,0,1.0,0.4771535580524345,0.0,False,False,True,False,False,False,False,False,True,False,False,False,False,False,True,False,False,False,False
57,0,405,1,2,2,1,93,4,2,3,4900,2721,0,0,24,4,1,1,13,2,2,12,9,2,8,0.9230769230769231,0.9176029962546817,0.16666666666666666,False,True,True,False,True,False,False,False,False,False,False,False,False,False,True,False,False,True,False
49,0,1490,7,4,3,1,35,3,3,2,10466,20948,3,0,14,3,2,2,29,3,3,8,7,0,7,0.27586206896551724,1.0486973947895792,0.0,False,True,True,False,True,False,False,False,False,False,False,False,False,False,False,False,False,False,False
34,0,829,15,3,2,1,71,3,4,1,17007,11929,7,0,14,3,4,2,16,3,2,14,8,6,9,0.875,1.052804259007057,0.42857142857142855,True,False,True,False,False,False,True,False,False,False,False,False,False,True,False,False,False,False,False
28,1,1496,1,3,1,1,92,3,1,3,2909,15747,3,0,15,3,4,1,5,3,4,3,2,1,2,0.6,1.0895131086142322,0.3333333333333333,True,False,False,True,False,False,False,False,True,False,False,False,False,False,False,False,True,True,False
29,1,115,13,3,1,0,51,3,2,2,5765,17485,5,0,11,3,1,0,7,4,1,5,3,0,0,0.7142857142857143,1.0795880149812733,0.0,True,False,False,True,False,False,False,False,True,False,False,False,False,False,False,True,False,False,True
34,1,790,24,4,1,0,40,2,2,2,4599,7815,0,1,23,4,3,0,16,2,4,15,9,10,10,0.9375,0.8612359550561798,0.6666666666666666,False,True,False,True,False,False,True,False,False,False,False,False,False,False,False,True,False,False,True
35,0,660,7,1,4,1,76,3,1,3,2404,16192,1,0,13,3,1,1,1,3,3,1,0,0,0,1.0,0.900374531835206,0.0,False,True,False,True,True,False,False,False,False,False,False,False,False,False,False,False,True,True,False
24,1,381,9,3,2,1,89,3,1,1,3172,16998,2,1,11,3,3,0,4,2,2,0,0,0,0,0.0,1.1880149812734082,0.0,True,False,True,False,False,False,True,False,False,False,True,False,False,False,False,False,False,False,True
24,0,830,13,2,4,0,78,3,1,2,2033,7103,1,0,13,3,3,1,1,2,3,1,0,0,0,1.0,0.7614232209737828,0.0,False,False,False,True,True,False,False,False,False,False,False,False,False,False,False,False,True,True,False
44,0,1193,2,1,2,1,86,3,3,3,10209,19719,5,1,18,3,2,0,16,2,2,2,2,2,2,0.125,1.0229458917835672,1.0,True,False,True,False,False,False,True,False,False,False,False,False,True,False,False,False,False,False,True
29,0,1246,19,3,3,1,77,2,2,3,8620,23757,1,0,14,3,3,2,10,3,3,10,7,0,4,1.0,1.6142322097378277,0.0,False,True,False,True,True,False,False,False,False,False,False,False,False,False,False,True,False,False,False
30,0,330,1,3,3,1,46,3,1,3,2064,15428,0,0,21,4,1,1,6,3,4,5,3,1,3,0.8333333333333334,0.7730337078651686,0.2,False,True,False,False,True,False,False,False,False,True,False,False,False,False,False,False,False,False,False
55,0,1229,4,4,4,1,30,3,2,3,4035,16143,0,1,16,3,2,0,4,2,3,3,2,1,2,0.75,0.7556179775280899,0.3333333333333333,False,True,True,False,True,False,False,False,False,False,False,False,False,False,False,False,False,True,False
33,0,1099,4,4,1,0,82,2,1,2,3838,8192,8,0,11,3,4,0,8,5,3,5,4,0,2,0.625,1.4374531835205993,0.0,False,True,True,False,False,False,True,False,False,False,True,False,False,False,False,False,False,True,False
47,0,571,14,3,3,0,78,3,2,3,4591,24200,3,1,17,3,3,1,11,4,2,5,4,1,2,0.45454545454545453,0.8597378277153558,0.2,False,True,False,True,False,False,True,False,False,False,False,False,False,False,False,True,False,True,False
28,1,289,2,2,3,1,38,2,1,1,2561,5355,7,0,11,3,3,0,8,2,2,0,0,0,0,0.0,0.9591760299625468,0.0,True,False,True,False,False,False,True,False,False,False,True,False,False,False,False,False,False,False,True
28,0,1423,1,3,1,1,72,2,1,3,1563,12530,1,0,14,3,4,1,1,2,1,1,0,0,0,1.0,0.5853932584269663,0.0,False,True,True,False,True,False,False,False,False,False,False,False,False,False,True,False,False,False,False
28,0,467,7,3,3,1,55,3,2,1,4898,11827,0,0,14,3,4,0,5,5,3,4,2,1,3,0.8,0.9172284644194757,0.25,True,False,False,True,True,False,False,False,False,False,False,False,False,False,False,True,False,False,True
49,0,271,3,2,3,0,43,2,2,1,4789,23070,4,0,25,4,1,1,10,3,3,3,2,1,2,0.3,0.896816479400749,0.3333333333333333,False,True,True,False,False,False,True,False,False,False,True,False,False,False,False,False,False,True,False
29,0,410,2,1,4,0,97,3,1,2,3180,4668,0,0,13,3,3,3,4,3,3,3,2,0,2,0.75,1.1910112359550562,0.0,True,False,True,False,True,False,False,False,False,False,True,False,False,False,False,False,False,True,False
28,0,1083,29,1,3,1,96,1,2,2,6549,3173,1,0,14,3,2,2,8,2,2,8,6,1,7,1.0,1.2264044943820225,0.125,False,True,True,False,True,False,False,False,False,False,False,False,True,False,False,False,False,True,False
33,0,516,8,5,4,1,69,3,2,3,6388,22049,2,1,17,3,1,0,14,6,3,0,0,0,0,0.0,1.19625468164794,0.0,False,True,True,False,True,False,False,False,False,False,False,False,False,False,False,False,False,False,True
32,0,495,10,3,3,1,64,3,3,4,11244,21072,2,0,25,4,2,0,10,5,4,5,2,0,0,0.5,1.1266533066132265,0.0,False,True,True,False,False,False,True,False,False,False,False,True,False,False,False,False,False,False,True
54,0,1050,11,4,2,0,87,3,4,4,16032,24456,3,0,20,4,1,1,26,2,3,14,9,1,12,0.5384615384615384,0.9924476909743717,0.07142857142857142,True,False,True,False,False,False,True,False,False,False,False,True,False,False,False,False,False,False,False
29,1,224,1,4,1,1,100,2,1,1,2362,7568,6,0,13,3,3,0,11,2,1,9,7,0,7,0.8181818181818182,0.8846441947565543,0.0,False,True,True,False,False,False,False,False,True,False,False,False,False,False,True,False,False,False,True
44,0,136,28,3,4,1,32,3,4,1,16328,22074,3,0,13,3,3,1,24,1,4,20,6,14,17,0.8333333333333334,1.0107713259873716,0.7,False,True,True,False,True,False,False,False,False,False,False,False,False,True,False,False,False,True,False
39,0,1089,6,3,2,0,32,3,3,2,8376,9150,4,0,18,3,4,0,9,3,3,2,0,2,2,0.2222222222222222,0.8392785571142285,1.0,False,True,True,False,True,False,False,False,False,False,False,False,True,False,False,False,False,False,True
46,0,228,3,3,3,0,51,3,4,2,16606,11380,8,0,12,3,4,1,23,2,4,13,12,5,1,0.5652173913043478,1.0279806858982294,0.38461538461538464,False,True,False,True,True,False,False,False,False,False,False,True,False,False,False,False,False,True,False
35,0,1029,16,3,4,0,91,2,3,2,8606,21195,1,0,19,3,4,0,11,3,1,11,8,3,3,1.0,0.8623246492985972,0.2727272727272727,False,True,True,False,True,False,False,False,False,False,False,False,False,False,False,False,False,False,True
23,0,507,20,1,1,1,97,3,2,3,2272,24812,0,0,14,3,2,0,5,2,3,4,3,1,2,0.8,0.4254681647940075,0.25,False,True,True,False,True,False,False,False,False,False,True,False,False,False,False,False,False,False,True
40,1,676,9,4,4,1,86,3,1,1,2018,21831,3,0,14,3,2,0,15,3,1,5,4,1,0,0.3333333333333333,0.7558052434456929,0.2,False,True,True,False,True,False,False,False,False,False,True,False,False,False,False,False,False,False,True
34,0,971,1,3,4,1,64,2,3,3,7083,12288,1,1,14,3,4,0,10,3,3,10,9,8,6,1.0,0.7097194388777555,0.8,False,True,False,True,False,False,False,False,True,False,False,False,False,False,False,True,False,True,False
31,1,561,3,3,4,0,33,3,1,3,4084,4156,1,0,12,3,1,0,7,2,1,7,2,7,7,1.0,1.5295880149812735,1.0,True,False,True,False,True,False,False,False,False,False,False,False,False,False,True,False,False,False,True
50,0,333,22,5,3,1,88,1,4,4,14411,24450,1,1,13,3,4,0,32,2,3,32,6,13,9,1.0,0.8921010276092609,0.40625,True,False,True,False,False,False,True,False,False,False,False,False,False,True,False,False,False,False,True
34,0,1440,7,2,2,1,55,3,1,3,2308,4944,0,1,25,4,2,1,12,4,3,11,10,5,7,0.9166666666666666,0.8644194756554308,0.45454545454545453,False,True,False,True,False,False,False,False,True,False,False,False,False,False,False,False,True,True,False
42,0,1210,2,3,3,1,68,2,1,2,4841,24052,4,0,14,3,2,1,4,3,3,1,0,0,0,0.25,1.8131086142322097,0.0,False,True,True,False,False,False,True,False,False,False,True,False,False,False,False,False,False,True,False
37,0,674,13,3,1,1,47,3,2,4,4285,3031,1,0,17,3,1,0,10,2,3,10,8,3,7,1.0,0.802434456928839,0.3,False,True,True,False,False,False,True,False,False,False,False,False,False,False,True,False,False,True,False
29,0,441,8,1,3,0,39,1,2,1,9715,7288,3,0,13,3,3,1,9,3,3,7,7,0,7,0.7777777777777778,1.8192883895131087,0.0,False,True,True,False,False,False,False,True,False,False,False,False,False,False,False,False,False,True,False
33,0,575,25,3,4,1,44,2,2,2,4320,24152,1,0,13,3,4,0,5,2,3,5,3,0,2,1.0,0.8089887640449438,0.0,False,True,True,False,True,False,False,False,False,False,False,False,True,False,False,False,False,False,True
45,0,950,28,3,4,1,97,3,1,4,2132,4585,4,0,20,4,4,1,8,3,3,5,4,0,3,0.625,0.798501872659176,0.0,False,True,True,False,False,False,False,False,True,False,False,False,False,False,True,False,False,True,False
42,0,288,2,3,4,1,40,3,3,4,10124,18611,2,1,14,3,3,1,24,3,1,20,8,13,9,0.8333333333333334,1.0144288577154308,0.65,True,False,True,False,True,False,False,False,False,False,False,False,False,False,False,False,False,True,False
40,0,1342,9,2,1,1,47,3,2,1,5473,19345,0,0,12,3,4,0,9,5,4,8,4,7,1,0.8888888888888888,1.0249063670411984,0.875,False,True,False,True,False,False,True,False,False,False,False,False,False,False,False,True,False,True,False
33,0,589,28,4,2,1,79,3,2,3,5207,22949,1,1,12,3,2,1,15,3,3,15,14,5,7,1.0,0.9750936329588015,0.3333333333333333,False,True,True,False,True,False,False,False,False,False,True,False,False,False,False,False,False,True,False
40,0,898,6,2,3,1,38,3,4,4,16437,17381,1,1,21,4,4,0,21,2,3,21,7,7,7,1.0,1.0175188807725641,0.3333333333333333,False,True,False,False,False,False,True,False,False,False,False,True,False,False,False,False,False,False,True
24,0,350,21,2,3,1,57,2,1,1,2296,10036,0,0,14,3,2,3,2,3,3,1,1,0,0,0.5,0.8599250936329588,0.0,False,True,True,False,False,False,False,False,True,False,True,False,False,False,False,False,False,False,False
40,0,1142,8,2,4,1,72,3,2,4,4069,8841,3,1,18,3,3,0,8,2,3,2,2,2,2,0.25,0.7619850187265917,1.0,False,False,True,False,True,False,False,False,False,False,False,False,False,False,False,False,False,False,False
45,0,538,1,4,1,1,66,3,3,2,7441,20933,1,0,12,3,1,3,10,4,3,10,8,7,7,1.0,0.7455911823647294,0.7,False,True,True,False,False,False,False,False,True,False,False,False,False,False,False,False,False,False,False
35,0,1402,28,4,2,0,98,2,1,3,2430,26204,0,0,23,4,1,2,6,5,3,5,3,4,2,0.8333333333333334,0.9101123595505618,0.8,False,True,False,True,True,False,False,False,False,False,False,False,False,False,False,False,True,True,False
32,0,824,5,2,4,0,67,2,2,2,5878,15624,3,0,12,3,1,1,12,2,3,7,1,2,5,0.5833333333333334,1.100749063670412,0.2857142857142857,False,True,True,False,True,False,False,False,False,False,False,False,False,False,True,False,False,True,False
36,0,1157,2,4,3,1,70,3,1,4,2644,17001,3,1,21,4,4,0,7,3,2,3,2,1,2,0.42857142857142855,0.9902621722846442,0.3333333333333333,False,True,False,True,True,False,False,False,False,False,False,False,False,False,False,False,True,False,True
48,0,492,16,4,3,0,96,3,2,3,6439,13693,8,0,14,3,3,1,18,2,3,8,7,7,7,0.4444444444444444,1.205805243445693,0.875,False,True,False,True,True,False,False,False,False,False,False,False,False,False,False,True,False,False,False
29,0,598,9,3,3,1,91,4,1,3,2451,22376,6,0,18,3,1,2,5,2,2,1,0,0,0,0.2,0.9179775280898876,0.0,False,True,True,False,True,False,False,False,False,False,False,False,False,False,True,False,False,True,False
33,0,1242,8,4,1,1,46,3,2,1,6392,10589,2,0,13,3,4,1,8,6,1,2,2,2,2,0.25,1.197003745318352,1.0,False,True,False,True,True,False,False,False,False,False,False,False,False,False,False,True,False,True,False
30,1,740,1,3,2,1,64,2,2,1,9714,5323,1,0,11,3,4,1,10,4,3,10,8,6,7,1.0,1.8191011235955057,0.6,False,True,False,True,True,False,False,False,False,False,False,False,False,False,False,True,False,True,False
38,0,888,10,4,3,1,71,3,2,3,6077,14814,3,0,11,3,3,0,10,2,3,6,3,1,2,0.6,1.1380149812734082,0.16666666666666666,True,False,False,False,False,False,False,False,False,True,False,False,False,False,False,False,False,True,False
35,0,992,1,3,4,1,68,2,1,1,2450,21731,1,0,19,3,2,0,3,3,3,3,0,1,2,1.0,0.9176029962546817,0.3333333333333333,False,True,True,False,False,False,True,False,False,False,True,False,False,False,False,False,False,False,True
30,0,1288,29,4,3,1,33,3,3,2,9250,17799,3,0,12,3,2,1,9,3,3,4,2,1,3,0.4444444444444444,0.9268537074148296,0.25,False,True,False,True,False,False,False,False,True,False,False,False,False,False,False,True,False,True,False
35,1,104,2,3,1,0,69,3,1,1,2074,26619,1,1,12,3,4,1,1,2,3,1,0,0,0,1.0,0.7767790262172285,0.0,False,True,True,False,True,False,False,False,False,False,True,False,False,False,False,False,False,False,False
53,1,607,2,5,3,0,78,2,3,4,10169,14618,0,0,16,3,2,1,34,4,3,33,7,1,9,0.9705882352941176,1.018937875751503,0.030303030303030304,False,True,True,False,False,False,False,False,True,False,False,False,True,False,False,False,False,True,False
38,1,903,2,3,3,1,81,3,2,2,4855,7653,4,0,11,3,1,2,7,2,3,5,2,1,4,0.7142857142857143,0.9091760299625468,0.2,False,True,True,False,False,False,True,False,False,False,False,False,True,False,False,False,False,True,False
32,0,1200,1,4,4,1,62,3,2,1,4087,25174,4,0,14,3,2,1,9,3,2,6,5,1,2,0.6666666666666666,0.7653558052434457,0.16666666666666666,False,False,True,False,False,False,False,False,True,False,False,False,False,False,True,False,False,True,False
48,0,1108,15,4,3,0,65,3,1,1,2367,16530,8,0,12,3,4,1,10,3,2,8,2,7,6,0.8,0.8865168539325843,0.875,False,True,True,False,False,False,False,True,False,False,False,False,False,False,True,False,False,True,False
34,0,479,7,4,1,1,35,3,1,4,2972,22061,1,0,13,3,3,0,1,4,1,1,0,0,0,1.0,1.1131086142322097,0.0,False,True,True,False,False,False,True,False,False,False,False,False,False,False,True,False,False,False,True
55,0,685,26,5,3,1,60,2,5,4,19586,23037,1,0,21,4,3,1,36,3,3,36,6,2,13,1.0,1.0184068219633944,0.05555555555555555,False,True,False,True,False,True,False,False,False,False,False,True,False,False,False,False,False,True,False
34,0,1351,1,4,2,1,45,3,2,4,5484,13008,9,0,17,3,2,1,9,3,2,2,2,2,1,0.2222222222222222,1.0269662921348315,1.0,False,True,True,False,True,False,False,False,False,False,False,False,False,False,True,False,False,True,False
26,0,474,3,3,1,0,89,3,1,4,2061,11133,1,0,21,4,1,0,1,5,3,1,0,0,0,1.0,0.7719101123595505,0.0,False,True,True,False,True,False,False,False,False,False,False,False,False,False,True,False,False,True,False
38,0,1245,14,3,3,1,80,3,2,2,9924,12355,0,0,11,3,4,1,10,3,3,9,8,7,7,0.9,1.8584269662921349,0.7777777777777778,False,True,False,True,True,False,False,False,False,False,False,False,False,False,False,True,False,True,False
38,0,437,16,3,2,0,90,3,2,2,4198,16379,2,0,12,3,2,0,8,5,4,3,2,1,2,0.375,0.7861423220973783,0.3333333333333333,False,True,False,True,True,False,False,False,False,False,False,False,False,False,False,True,False,False,True
36,0,884,1,4,2,0,73,3,2,3,6815,21447,6,0,13,3,1,0,15,5,3,1,0,0,0,0.06666666666666667,1.2762172284644195,0.0,False,True,False,True,True,False,False,False,False,False,False,False,False,False,False,True,False,False,True
29,0,1370,3,1,2,1,87,3,1,1,4723,16213,1,1,18,3,4,0,10,3,3,10,9,1,5,1.0,1.7689138576779027,0.1,False,True,True,False,False,False,True,False,False,False,True,False,False,False,False,False,False,False,True
35,0,670,10,4,1,0,51,3,2,3,6142,4223,3,1,16,3,3,0,10,4,3,5,2,0,4,0.5,1.150187265917603,0.0,False,True,True,False,False,False,True,False,False,False,False,False,False,False,False,False,False,False,True
39,0,1462,6,3,4,1,38,4,3,3,8237,4658,2,0,11,3,1,1,11,3,3,7,6,7,6,0.6363636363636364,0.8253507014028056,1.0,False,True,False,True,False,False,True,False,False,False,False,False,False,False,False,True,False,True,False
29,0,995,2,1,1,1,87,3,2,4,8853,24483,1,0,19,3,4,1,6,0,4,6,4,1,3,1.0,1.6578651685393258,0.16666666666666666,True,False,True,False,True,False,False,False,False,False,False,False,False,False,False,False,False,False,False
50,0,264,9,3,3,1,59,3,5,3,19331,19519,4,1,16,3,3,1,27,2,3,1,0,0,0,0.037037037037037035,1.005147670549085,0.0,False,True,False,True,False,True,False,False,False,False,False,True,False,False,False,False,False,True,False
23,0,977,10,3,4,1,45,4,1,3,2073,12826,2,0,16,3,4,1,4,2,3,2,2,2,2,0.5,0.7764044943820225,1.0,False,True,True,False,False,False,False,False,True,False,False,False,False,False,True,False,False,True,False
36,0,1302,6,4,1,1,80,4,2,1,5562,19711,3,1,13,3,4,1,9,3,3,3,2,0,2,0.3333333333333333,1.0415730337078652,0.0,True,False,True,False,True,False,False,False,False,False,True,False,False,False,False,False,False,True,False
42,0,1059,9,2,4,1,93,2,5,4,19613,26362,8,0,22,4,4,0,24,2,3,1,0,0,1,0.041666666666666664,1.0198107321131447,0.0,False,True,True,False,False,False,False,True,False,False,False,True,False,False,False,False,False,False,True
35,0,750,28,3,2,1,46,4,2,3,3407,25348,1,0,17,3,4,2,10,3,2,10,9,6,8,1.0,0.6380149812734083,0.6,False,True,True,False,True,False,False,False,False,False,True,False,False,False,False,False,False,True,False
34,0,653,10,4,4,1,92,2,2,3,5063,15332,1,0,14,3,2,1,8,3,2,8,2,7,7,1.0,0.94812734082397,0.875,True,False,True,False,False,False,False,False,True,False,False,False,False,False,False,False,False,True,False
40,0,118,14,2,4,0,84,3,2,1,4639,11262,1,0,15,3,3,1,5,2,3,5,4,1,2,1.0,0.8687265917602996,0.2,False,True,False,True,True,False,False,False,False,False,False,False,False,False,False,True,False,True,False
43,0,990,27,3,4,1,87,4,1,2,4876,5855,5,0,12,3,3,1,8,0,3,6,4,0,2,0.75,1.8262172284644196,0.0,False,True,True,False,False,False,False,False,True,False,True,False,False,False,False,False,False,False,False
35,0,1349,7,2,3,1,63,2,1,4,2690,7713,1,0,18,3,4,1,1,5,2,1,0,0,1,1.0,1.0074906367041199,0.0,False,True,True,False,True,False,False,False,False,False,True,False,False,False,False,False,False,True,False
46,0,563,1,4,4,1,56,4,4,1,17567,3156,1,0,15,3,2,0,27,5,1,26,0,0,12,0.9629629629629629,1.0874705955181379,0.0,False,True,False,True,True,False,False,False,False,False,False,True,False,False,False,False,False,False,True
28,1,329,24,3,3,1,51,3,1,2,2408,7324,1,1,17,3,3,3,1,3,3,1,1,0,0,1.0,0.90187265917603,0.0,False,True,True,False,False,False,True,False,False,False,True,False,False,False,False,False,False,True,False
22,0,457,26,2,2,0,85,2,1,3,2814,10293,1,1,14,3,2,0,4,2,2,4,2,1,3,1.0,1.053932584269663,0.25,False,False,True,False,False,False,False,True,False,False,False,False,False,False,True,False,False,True,False
50,0,1234,20,5,2,1,41,3,4,3,11245,20689,2,1,15,3,3,1,32,3,3,30,8,12,13,0.9375,0.6961124179769717,0.4,True,False,True,False,False,False,True,False,False,False,False,False,False,False,False,False,False,True,False
32,0,634,5,4,2,0,35,4,1,4,3312,18783,3,0,17,3,4,2,6,3,3,3,2,0,2,0.5,1.2404494382022473,0.0,False,True,True,False,False,False,False,True,False,False,False,False,False,False,True,False,False,True,False
44,0,1313,7,3,2,0,31,3,5,4,19049,3549,0,1,14,3,4,1,23,4,2,22,7,1,10,0.9565217391304348,0.990484608985025,0.045454545454545456,False,True,True,False,False,False,True,False,False,False,False,False,False,True,False,False,False,False,False
30,0,241,7,3,2,1,48,2,1,2,2141,5348,1,0,12,3,2,1,6,3,2,6,4,1,1,1.0,0.80187265917603,0.16666666666666666,False,True,True,False,False,False,True,False,False,False,False,False,False,False,True,False,False,True,False
45,0,1015,5,5,3,0,50,1,2,1,5769,23447,1,1,14,3,1,0,10,3,3,10,7,1,4,1.0,1.0803370786516855,0.1,False,True,True,False,False,False,True,False,False,False,True,False,False,False,False,False,False,False,True
45,0,336,26,3,1,1,52,2,2,1,4385,24162,1,0,15,3,1,1,10,2,3,10,7,4,5,1.0,0.8211610486891385,0.4,False,False,False,True,False,True,False,False,False,False,False,False,False,False,False,True,False,True,False
31,0,715,2,4,4,1,54,3,2,1,5332,21602,7,0,13,3,4,0,10,3,3,5,2,0,3,0.5,0.998501872659176,0.0,True,False,False,True,False,False,False,True,False,False,False,False,False,False,False,True,False,False,True
36,0,559,12,4,3,0,76,3,2,3,4663,12421,9,1,12,3,2,2,7,2,3,3,2,1,1,0.42857142857142855,0.8732209737827715,0.3333333333333333,False,True,True,False,True,False,False,False,False,False,False,False,True,False,False,False,False,True,False
34,0,426,10,4,3,1,42,4,2,4,4724,17000,1,0,13,3,1,1,9,3,3,9,7,7,2,1.0,0.8846441947565543,0.7777777777777778,True,False,True,False,True,False,False,False,False,False,False,False,True,False,False,False,False,False,False
49,0,722,25,4,3,0,84,3,1,1,3211,22102,1,0,14,3,4,1,10,3,2,9,6,1,4,0.9,1.202621722846442,0.1111111111111111,False,True,True,False,True,False,False,False,False,False,True,False,False,False,False,False,False,True,False
39,0,1387,10,5,2,1,76,3,2,1,5377,3835,2,0,13,3,4,3,10,3,3,7,7,7,7,0.7,1.006928838951311,1.0,False,True,True,False,False,False,True,False,False,False,False,False,True,False,False,False,False,True,False
27,0,1302,19,3,4,1,67,2,1,1,4066,16290,1,0,11,3,1,2,7,3,3,7,7,0,7,1.0,1.5228464419475656,0.0,False,True,True,False,False,False,False,True,False,False,True,False,False,False,False,False,False,False,False
35,0,819,18,5,2,1,48,4,2,1,5208,26312,1,0,11,3,4,0,16,2,3,16,15,1,10,1.0,0.9752808988764045,0.0625,False,True,True,False,True,False,False,False,False,False,False,False,False,False,True,False,False,True,False
28,0,580,27,3,2,0,39,1,2,1,4877,20460,0,0,21,4,2,1,6,5,2,5,3,0,0,0.8333333333333334,0.9132958801498128,0.0,False,True,True,False,False,False,True,False,False,False,False,False,True,False,False,False,False,False,False
21,0,546,5,1,3,1,97,3,1,4,3117,26009,1,0,18,3,3,0,3,2,3,2,2,2,2,0.6666666666666666,1.1674157303370787,1.0,False,True,True,False,False,False,True,False,False,False,False,False,False,False,True,False,False,False,True
18,1,544,3,2,2,0,70,3,1,4,1569,18420,1,1,12,3,3,0,0,2,4,0,0,0,0,0.0,0.5876404494382023,0.0,True,False,False,True,False,False,True,False,False,False,False,False,False,False,False,False,True,False,True
47,0,1176,26,4,4,0,98,3,5,3,19658,5220,3,0,11,3,3,1,27,2,3,5,2,1,0,0.18518518518518517,1.0221505823627288,0.2,False,True,False,False,True,False,False,False,False,False,False,True,False,False,False,False,False,True,False
39,0,170,3,2,3,1,76,2,2,3,3069,10302,0,0,15,3,4,1,11,3,3,10,8,0,7,0.9090909090909091,0.5747191011235955,0.0,False,True,True,False,False,False,True,False,False,False,True,False,False,False,False,False,False,False,False
40,0,884,15,3,1,0,80,2,3,3,10435,25800,1,0,13,3,4,2,18,2,3,18,15,14,12,1.0,1.0455911823647295,0.7777777777777778,False,True,True,False,True,False,False,False,False,False,False,False,True,False,False,False,False,True,False
35,0,208,8,4,3,0,52,3,2,3,4148,12250,1,0,12,3,4,1,15,5,3,14,11,2,9,0.9333333333333333,0.7767790262172285,0.14285714285714285,False,False,True,False,True,False,False,False,False,False,False,False,False,False,False,False,False,True,False
37,0,671,19,3,3,1,85,3,2,3,5768,26493,3,0,17,3,1,3,9,2,2,4,3,0,2,0.4444444444444444,1.0801498127340825,0.0,False,True,True,False,True,False,False,False,False,False,False,False,True,False,False,False,False,True,False
39,0,711,4,3,1,0,81,3,2,3,5042,3140,0,0,13,3,4,0,10,2,1,9,2,3,8,0.9,0.9441947565543071,0.3333333333333333,True,False,True,False,False,False,True,False,False,False,False,False,True,False,False,False,False,False,True
45,0,1329,2,2,4,0,59,2,2,4,5770,5388,1,0,19,3,1,2,10,3,3,10,7,3,9,1.0,1.0805243445692885,0.3,False,True,True,False,False,False,False,True,False,False,False,False,True,False,False,False,False,False,False
38,0,397,2,2,4,0,54,2,3,3,7756,14199,3,1,19,3,4,1,10,6,4,5,4,0,2,0.5,0.7771543086172344,0.0,False,True,True,False,False,False,True,False,False,False,False,False,True,False,False,False,False,True,False
35,1,737,10,3,4,1,55,2,3,1,10306,21530,9,0,17,3,3,0,15,3,3,13,12,6,0,0.8666666666666667,1.0326653306613227,0.46153846153846156,False,True,False,True,False,False,True,False,False,False,False,False,False,False,False,True,False,True,False
37,0,1470,10,3,2,0,71,3,1,2,3936,9953,1,0,11,3,1,1,8,2,1,8,4,7,7,1.0,1.4741573033707864,0.875,False,True,True,False,False,False,True,False,False,False,False,False,False,False,True,False,False,True,False
40,0,448,16,3,3,0,84,3,3,4,7945,19948,6,1,15,3,4,0,18,2,2,4,2,3,3,0.2222222222222222,0.7960921843687375,0.75,False,True,True,False,True,False,False,False,False,False,False,False,True,False,False,False,False,False,True
44,0,602,1,5,1,1,37,3,2,4,5743,10503,4,1,11,3,3,0,14,3,3,10,7,0,2,0.7142857142857143,1.0754681647940074,0.0,True,False,False,False,False,False,False,False,False,True,False,False,False,False,False,False,False,True,False
48,0,365,4,5,3,1,89,2,4,4,15202,5602,2,0,25,4,2,1,23,3,3,2,2,2,2,0.08695652173913043,0.9410672279311626,1.0,True,False,True,False,False,False,True,False,False,False,False,True,False,False,False,False,False,True,False
35,1,763,15,2,1,1,59,1,2,4,5440,22098,6,1,14,3,4,2,7,2,2,2,2,2,2,0.2857142857142857,1.0187265917602997,1.0,False,True,False,True,False,False,True,False,False,False,False,False,False,False,False,True,False,False,False
24,0,567,2,1,1,0,32,3,1,4,3760,17218,1,1,13,3,3,0,6,2,3,6,3,1,3,1.0,1.408239700374532,0.16666666666666666,True,False,True,False,False,False,False,False,True,False,False,False,False,False,True,False,False,False,True
27,0,486,8,3,2,0,86,4,1,3,3517,22490,7,0,17,3,1,0,5,0,3,3,2,0,2,0.6,1.3172284644194756,0.0,False,True,True,False,False,False,True,False,False,False,False,False,False,False,True,False,False,True,False
27,0,591,2,3,4,1,87,3,1,4,2580,6297,2,0,13,3,3,0,6,0,2,4,2,1,2,0.6666666666666666,0.9662921348314607,0.25,True,False,True,False,False,False,True,False,False,False,False,False,False,False,True,False,False,False,True
40,1,1329,7,3,1,1,73,3,1,1,2166,3339,3,1,14,3,2,0,10,3,1,4,2,0,3,0.4,0.8112359550561797,0.0,False,True,True,False,True,False,False,False,False,False,True,False,False,False,False,False,False,False,True
29,0,469,10,3,3,1,42,2,2,3,5869,23413,9,0,11,3,3,0,8,2,3,5,2,1,4,0.625,1.099063670411985,0.2,False,True,False,True,False,False,True,False,False,False,False,False,False,False,False,True,False,False,True
36,0,711,5,4,2,0,42,3,3,1,8008,22792,4,0,12,3,3,2,9,6,3,3,2,0,2,0.3333333333333333,0.8024048096192384,0.0,False,True,True,False,True,False,False,False,False,False,False,False,False,False,False,False,False,True,False
25,0,772,2,1,4,1,77,4,2,3,5206,4973,1,0,17,3,3,2,7,6,3,7,7,0,7,1.0,0.9749063670411985,0.0,True,False,True,False,True,False,False,False,False,False,False,False,True,False,False,False,False,False,False
39,0,492,12,3,4,1,66,3,2,2,5295,7693,4,0,21,4,3,0,7,3,3,5,4,1,0,0.7142857142857143,0.9915730337078652,0.2,False,True,True,False,False,False,True,False,False,False,False,False,True,False,False,False,False,True,False
49,0,301,22,4,1,0,72,3,4,2,16413,3498,3,0,16,3,2,2,27,2,3,4,2,1,2,0.14814814814814814,1.016033180636375,0.25,False,True,True,False,False,False,False,True,False,False,False,False,False,True,False,False,False,True,False
50,0,813,17,5,4,0,50,2,3,1,13269,21981,5,0,15,3,3,3,19,3,3,14,11,1,11,0.7368421052631579,1.329559118236473,0.07142857142857142,False,True,True,False,True,False,False,False,False,False,False,False,False,True,False,False,False,False,False
20,0,1141,2,3,3,0,31,3,1,3,2783,13251,1,0,19,3,1,0,2,3,3,2,2,2,2,1.0,1.0423220973782772,1.0,False,True,False,True,False,False,True,False,False,False,False,False,False,False,False,False,True,False,True
34,0,1130,3,3,4,0,66,3,2,2,5433,19332,1,0,12,3,3,1,11,2,3,11,8,7,9,1.0,1.0174157303370785,0.6363636363636364,False,True,True,False,True,False,False,False,False,False,False,False,False,False,True,False,False,False,False
36,0,311,7,3,1,1,77,3,1,2,2013,10950,2,0,11,3,3,0,15,4,3,4,3,1,3,0.26666666666666666,0.7539325842696629,0.25,False,True,True,False,True,False,False,False,False,False,True,False,False,False,False,False,False,False,True
49,0,465,6,1,3,0,41,2,4,3,13966,11652,2,1,19,3,2,1,30,3,3,15,11,2,12,0.5,0.8645536709174199,0.13333333333333333,False,True,True,False,True,False,False,False,False,False,False,False,False,False,False,False,False,True,False
36,0,894,1,4,4,0,33,2,2,3,4374,15411,0,0,15,3,3,0,4,6,3,3,2,1,2,0.75,0.8191011235955056,0.3333333333333333,False,False,True,False,False,False,True,False,False,False,False,False,True,False,False,False,False,True,False
36,0,1040,3,2,4,1,79,4,2,1,6842,26308,6,0,20,4,1,1,13,3,3,5,4,0,4,0.38461538461538464,1.2812734082397004,0.0,False,True,True,False,True,False,False,False,False,False,False,False,False,False,False,False,False,False,False
54,0,584,22,5,2,0,91,3,4,3,17426,18685,3,0,25,4,3,1,36,6,3,10,8,4,7,0.2777777777777778,1.0787421072180265,0.4,False,True,True,False,False,False,True,False,False,False,False,True,False,False,False,False,False,True,False
43,0,1291,15,2,3,1,65,2,4,3,17603,3525,1,0,24,4,1,1,14,3,3,14,10,6,11,1.0,1.0896991457224217,0.42857142857142855,False,True,True,False,True,False,False,False,False,False,False,False,False,True,False,False,False,True,False
35,1,880,12,4,4,1,36,3,2,4,4581,10414,3,1,24,4,1,0,13,2,4,11,9,6,7,0.8461538461538461,0.8578651685393258,0.5454545454545454,True,False,False,True,False,False,False,True,False,False,False,False,False,False,False,True,False,False,True
38,0,1189,1,3,4,1,90,3,2,4,4735,9867,7,0,15,3,4,2,19,4,4,13,11,2,9,0.6842105263157895,0.8867041198501873,0.15384615384615385,True,False,True,False,True,False,False,False,False,False,False,False,False,False,True,False,False,True,False
29,0,991,5,3,1,1,43,2,2,2,4187,3356,1,1,13,3,2,1,10,3,2,10,0,0,9,1.0,0.7840823970037453,0.0,False,True,False,True,False,False,True,False,False,False,False,False,False,False,False,True,False,False,False
33,0,392,2,4,4,1,93,3,2,4,5505,3921,1,0,14,3,3,2,6,5,3,6,2,0,4,1.0,1.0308988764044944,0.0,False,True,False,True,False,False,True,False,False,False,False,False,False,False,False,True,False,False,False
32,0,977,2,3,4,1,45,3,2,2,5470,25518,0,0,13,3,3,2,10,4,2,9,5,1,6,0.9,1.0243445692883895,0.1111111111111111,False,True,True,False,False,False,True,False,False,False,False,False,False,False,True,False,False,False,False
31,0,1112,5,4,1,0,67,3,2,4,5476,22589,1,0,11,3,1,2,10,2,3,10,0,0,2,1.0,1.0254681647940076,0.0,False,True,False,True,True,False,False,False,False,False,False,False,False,False,False,True,False,True,False
49,0,464,16,3,4,0,74,3,1,1,2587,24941,4,1,16,3,2,1,17,2,2,2,2,2,2,0.11764705882352941,0.9689138576779026,1.0,False,True,True,False,False,False,True,False,False,False,True,False,False,False,False,False,False,False,False
38,0,148,2,3,4,0,42,2,1,2,2440,23826,1,0,22,4,2,0,4,3,3,4,3,3,3,1.0,0.9138576779026217,0.75,True,False,True,False,False,False,True,False,False,False,True,False,False,False,False,False,False,False,True
47,0,1225,2,4,2,0,47,4,4,2,15972,21086,6,0,14,3,3,3,29,2,3,3,2,1,2,0.10344827586206896,0.9887334406338987,0.3333333333333333,False,True,False,True,True,False,False,False,False,False,False,True,False,False,False,False,False,False,False
49,0,809,1,3,3,1,36,3,4,3,15379,22384,4,0,14,3,1,0,23,2,3,8,7,0,0,0.34782608695652173,0.9520242664355577,0.0,False,True,True,False,True,False,False,False,False,False,False,True,False,False,False,False,False,False,True
41,0,1206,23,2,4,1,80,3,3,3,7082,11591,3,1,16,3,4,0,21,2,3,2,0,0,2,0.09523809523809523,0.709619238476954,0.0,False,True,False,True,True,False,False,False,False,False,False,False,False,False,False,True,False,False,True
20,0,727,9,1,4,1,54,3,1,1,2728,21082,1,0,11,3,1,0,2,3,3,2,2,0,2,1.0,1.0217228464419477,0.0,False,True,False,True,True,False,False,False,False,False,False,False,False,False,False,False,True,False,True
33,0,530,16,3,3,0,36,3,2,4,5368,16130,1,1,25,4,3,1,7,2,3,6,5,1,2,0.8571428571428571,1.0052434456928838,0.16666666666666666,False,False,False,True,True,False,False,False,False,False,False,False,False,False,False,True,False,False,False
36,0,1351,26,4,1,1,80,3,2,3,5347,7419,6,0,14,3,2,2,10,2,2,3,2,0,2,0.3,1.001310861423221,0.0,False,True,True,False,True,False,False,False,False,False,False,False,False,False,False,False,False,True,False
44,0,528,1,3,3,0,44,3,1,4,3195,4167,4,1,18,3,1,3,8,2,3,2,2,2,2,0.25,1.196629213483146,1.0,False,True,False,False,True,False,False,False,False,True,False,False,False,False,False,False,False,False,False
23,1,1320,8,1,4,1,93,2,1,3,3989,20586,1,1,11,3,1,0,5,2,3,5,4,1,2,1.0,1.494007490636704,0.2,False,True,True,False,False,False,True,False,False,False,True,False,False,False,False,False,False,False,True
38,0,1495,4,2,4,0,87,3,1,3,3306,26176,7,0,19,3,4,1,7,5,2,0,0,0,0,0.0,1.2382022471910112,0.0,False,True,True,False,False,False,True,False,False,False,True,False,False,False,False,False,False,True,False
53,0,1395,24,4,2,1,48,4,3,4,7005,3458,3,0,15,3,3,0,11,2,3,4,3,1,2,0.36363636363636365,0.7019038076152304,0.25,False,True,True,False,False,False,True,False,False,False,False,False,False,False,False,False,False,True,False
48,1,708,7,2,4,0,95,3,1,3,2655,11740,2,1,11,3,3,2,19,3,3,9,7,7,7,0.47368421052631576,0.9943820224719101,0.7777777777777778,True,False,False,True,False,False,True,False,False,False,False,False,False,False,False,False,True,True,False
32,1,1259,2,4,4,1,95,3,1,2,1393,24852,1,0,12,3,1,0,1,2,3,1,0,0,0,1.0,0.5217228464419476,0.0,False,True,True,False,True,False,False,False,False,False,True,False,False,False,False,False,False,False,True
26,0,786,7,3,4,1,76,3,1,4,2570,11925,1,0,20,4,3,0,7,5,3,7,7,5,7,1.0,0.9625468164794008,0.7142857142857143,False,False,True,False,False,False,True,False,False,False,True,False,False,False,False,False,False,False,True
55,0,1441,22,3,1,1,94,2,1,2,3537,23737,5,0,12,3,4,1,8,1,3,4,2,1,2,0.5,1.3247191011235955,0.25,False,True,True,False,False,False,False,False,True,False,False,False,False,False,True,False,False,False,False
34,0,1157,5,2,2,1,57,2,2,4,3986,11912,1,0,14,3,3,1,15,3,4,15,10,4,13,1.0,0.746441947565543,0.26666666666666666,False,True,True,False,False,False,True,False,False,False,True,False,False,False,False,False,False,True,False
60,0,370,1,4,3,1,92,1,3,4,10883,20467,3,0,20,4,3,1,19,2,4,1,0,0,0,0.05263157894736842,1.0904809619238478,0.0,False,True,True,False,False,False,True,False,False,False,False,False,False,False,False,False,False,False,False
33,0,267,21,3,2,1,79,4,1,2,2028,13637,1,0,18,3,4,3,14,6,3,14,11,2,13,1.0,0.7595505617977528,0.14285714285714285,False,True,True,False,False,False,True,False,False,False,True,False,False,False,False,False,False,True,False
37,0,1278,1,4,3,1,31,1,2,4,9525,7677,1,0,14,3,3,2,6,2,2,6,3,1,3,1.0,1.7837078651685394,0.16666666666666666,True,False,False,True,False,False,True,False,False,False,False,False,False,False,False,True,False,False,False
34,0,678,19,3,2,0,35,2,1,4,2929,20338,1,0,12,3,2,0,10,3,3,10,9,8,7,1.0,1.097003745318352,0.8,False,True,True,False,True,False,False,False,False,False,False,False,False,False,True,False,False,True,False
23,1,427,7,3,3,1,99,3,1,4,2275,25103,1,1,21,4,2,1,3,2,3,3,2,0,2,1.0,0.8520599250936329,0.0,False,True,False,True,True,False,False,False,False,False,False,False,False,False,False,False,True,False,False
44,0,921,2,3,3,0,96,4,3,4,7879,14810,1,1,19,3,2,1,9,2,3,8,7,6,7,0.8888888888888888,0.7894789579158317,0.75,False,True,True,False,True,False,False,False,False,False,False,False,False,False,False,False,False,True,False
35,0,146,2,4,1,1,79,2,1,4,4930,13970,0,1,14,3,3,0,6,2,4,5,4,1,4,0.8333333333333334,1.8464419475655431,0.2,True,False,True,False,False,False,True,False,False,False,False,False,False,False,True,False,False,False,True
43,0,1179,2,3,4,1,73,3,2,4,7847,6069,1,1,17,3,1,1,10,3,3,10,9,8,8,1.0,1.4694756554307116,0.8,False,True,False,True,False,False,True,False,False,False,False,False,False,False,False,True,False,True,False
24,0,581,9,3,3,1,62,4,1,3,4401,17616,1,0,16,3,4,1,5,1,3,5,3,0,4,1.0,1.648314606741573,0.0,False,True,True,False,False,False,True,False,False,False,False,False,False,False,True,False,False,True,False
41,0,918,6,3,4,1,35,3,3,3,9241,15869,1,0,12,3,2,0,10,3,3,10,8,8,7,1.0,0.9259519038076153,0.8,False,True,False,True,False,True,False,False,False,False,False,False,False,False,False,True,False,False,True
29,0,1082,9,4,4,0,43,3,1,3,2974,25412,9,0,17,3,3,1,9,2,3,5,3,1,2,0.5555555555555556,1.1138576779026217,0.2,False,True,True,False,False,False,True,False,False,False,True,False,False,False,False,False,False,True,False
36,0,530,2,4,3,0,51,3,2,4,4502,7439,3,0,15,3,3,0,17,2,2,13,7,6,7,0.7647058823529411,0.8430711610486892,0.46153846153846156,False,True,False,True,True,False,False,False,False,False,False,False,False,False,False,False,True,False,True
45,0,1238,1,1,3,1,74,2,3,3,10748,3395,3,0,23,4,4,1,25,3,2,23,15,14,4,0.92,1.0769539078156312,0.6086956521739131,False,False,True,False,True,False,False,False,False,False,False,False,False,False,False,False,False,True,False
24,1,240,22,1,4,1,58,1,1,3,1555,11585,1,0,11,3,3,1,1,2,3,1,0,0,0,1.0,0.5823970037453183,0.0,False,True,False,False,False,False,False,False,False,True,False,False,False,False,False,False,False,True,False
47,1,1093,9,3,3,1,82,1,4,3,12936,24164,7,0,11,3,3,0,25,3,1,23,5,14,10,0.92,0.8007923734059675,0.6086956521739131,True,False,False,True,True,False,False,False,False,False,False,False,False,False,False,True,False,True,False
26,0,390,17,4,4,1,62,1,1,3,2305,6217,1,0,15,3,3,3,3,3,4,3,2,0,2,1.0,0.8632958801498127,0.0,False,True,True,False,False,False,True,False,False,False,True,False,False,False,False,False,False,True,False
45,0,1005,28,2,4,0,48,2,4,2,16704,17119,1,0,11,3,3,0,21,2,3,21,6,8,6,1.0,1.0340472947876687,0.38095238095238093,False,True,True,False,False,False,False,False,True,False,False,False,False,True,False,False,False,False,True
32,0,585,10,3,1,1,56,3,1,3,3433,17360,6,0,13,3,1,1,10,3,2,5,2,1,3,0.5,1.2857677902621722,0.2,True,False,True,False,True,False,False,False,False,False,False,False,False,False,True,False,False,True,False
31,0,741,2,4,2,1,69,3,1,3,3477,18103,1,0,14,3,4,1,6,2,4,5,2,0,3,0.8333333333333334,1.3022471910112359,0.0,False,True,True,False,True,False,False,False,False,False,True,False,False,False,False,False,False,True,False
41,0,552,4,3,3,1,60,1,2,2,6430,20794,6,0,19,3,2,1,10,4,3,3,2,1,2,0.3,1.2041198501872659,0.3333333333333333,False,False,False,False,False,False,False,False,False,True,False,False,False,False,False,False,False,True,False
40,0,369,8,2,2,0,92,3,2,1,6516,5041,2,1,16,3,2,1,18,3,3,1,0,0,0,0.05555555555555555,1.2202247191011235,0.0,False,True,True,False,True,False,False,False,False,False,False,False,True,False,False,False,False,True,False
24,0,506,29,1,2,1,91,3,1,1,3907,3622,1,0,13,3,2,3,6,2,4,6,2,1,2,1.0,1.4632958801498128,0.16666666666666666,False,True,True,False,False,False,True,False,False,False,True,False,False,False,False,False,False,False,False
46,0,717,13,4,3,1,34,3,2,2,5562,9697,6,0,14,3,4,0,19,3,3,10,7,0,9,0.5263157894736842,1.0415730337078652,0.0,False,True,True,False,True,False,False,False,False,False,False,False,False,False,False,False,False,False,True
35,0,1370,27,4,4,1,49,3,2,3,6883,5151,2,0,16,3,2,1,17,3,3,7,7,0,7,0.4117647058823529,1.2889513108614232,0.0,False,True,True,False,True,False,False,False,False,False,False,False,True,False,False,False,False,True,False
30,0,793,16,1,2,1,33,3,1,4,2862,3811,1,0,12,3,2,1,10,2,2,10,0,0,8,1.0,1.0719101123595505,0.0,False,True,True,False,True,False,False,False,False,False,False,False,False,False,True,False,False,True,False
47,0,543,2,4,3,1,87,3,2,2,4978,3536,7,0,11,3,4,1,4,3,1,1,0,0,0,0.25,0.9322097378277153,0.0,False,False,False,True,False,True,False,False,False,False,False,False,False,False,False,True,False,True,False
46,0,1277,2,3,3,1,74,3,3,4,10368,5596,4,1,12,3,2,1,13,5,2,10,6,0,3,0.7692307692307693,1.038877755511022,0.0,False,True,False,True,True,False,False,False,False,False,False,False,False,False,False,True,False,False,False
36,1,1456,13,5,2,1,96,2,2,1,6134,8658,5,1,13,3,2,3,16,3,3,2,2,2,2,0.125,1.148689138576779,1.0,False,True,False,True,False,True,False,False,False,False,False,False,False,False,False,True,False,False,False
32,1,964,1,2,1,1,34,1,2,2,6735,12147,6,0,15,3,2,0,10,2,3,0,0,0,0,0.0,1.2612359550561798,0.0,False,True,False,True,True,False,False,False,False,False,False,False,False,False,False,True,False,False,True
23,0,160,4,1,3,0,51,3,1,2,3295,12862,1,0,13,3,3,0,3,3,1,3,2,1,2,1.0,1.2340823970037453,0.3333333333333333,False,True,True,False,False,False,True,False,False,False,True,False,False,False,False,False,False,False,True
31,0,163,24,1,4,0,30,3,2,4,5238,6670,2,0,20,4,4,0,9,3,2,5,4,1,4,0.5555555555555556,0.9808988764044944,0.2,True,False,True,False,False,False,False,False,True,False,False,False,True,False,False,False,False,False,True
39,0,792,1,3,4,1,77,3,2,4,6472,8989,1,1,15,3,4,1,9,2,3,9,8,5,8,1.0,1.2119850187265917,0.5555555555555556,False,False,True,False,True,False,False,False,False,False,True,False,False,False,False,False,False,True,False
32,0,371,19,3,4,1,80,1,3,3,9610,3840,3,0,13,3,3,1,10,2,1,4,3,0,2,0.4,0.9629258517034068,0.0,False,True,False,True,True,False,False,False,False,False,False,False,False,False,False,True,False,True,False
40,0,611,7,4,2,1,88,3,5,2,19833,4349,1,0,14,3,2,0,21,3,2,21,8,12,8,1.0,1.03125,0.5714285714285714,False,True,False,True,False,False,True,False,False,False,False,True,False,False,False,False,False,False,True
45,0,176,4,3,3,0,56,1,3,3,9756,6595,4,0,21,4,3,2,9,2,4,5,0,0,3,0.5555555555555556,0.9775551102204408,0.0,False,True,False,False,True,False,False,False,False,True,False,False,False,False,False,False,False,True,False
30,0,1312,2,4,4,0,78,2,1,1,4968,26427,0,0,16,3,4,0,10,2,3,9,7,0,7,0.9,1.8606741573033707,0.0,True,False,True,False,False,False,False,False,True,False,False,False,False,False,True,False,False,False,True
24,0,897,10,3,1,1,59,3,1,4,2145,2097,0,0,14,3,4,1,3,2,3,2,2,2,1,0.6666666666666666,0.8033707865168539,1.0,True,False,False,False,False,False,True,False,False,True,False,False,False,False,False,False,False,True,False
30,1,600,8,3,3,0,66,2,1,4,2180,9732,6,0,11,3,3,1,6,0,2,4,2,1,2,0.6666666666666666,0.8164794007490637,0.25,True,False,False,False,False,False,False,False,False,True,False,False,False,False,False,False,False,False,False
31,0,1003,5,3,1,1,51,3,2,3,8346,20943,1,0,19,3,3,1,6,3,3,5,2,0,2,0.8333333333333334,1.5629213483146067,0.0,False,True,False,True,False,False,False,False,True,False,False,False,False,False,False,True,False,True,False
27,0,1054,8,3,3,0,67,3,1,4,3445,6152,1,0,11,3,3,0,6,5,2,6,2,1,4,1.0,1.2902621722846441,0.16666666666666666,False,True,True,False,False,False,True,False,False,False,False,False,False,False,True,False,False,False,True
29,1,428,9,3,2,0,52,1,1,2,2760,14630,1,0,13,3,3,0,2,3,3,2,2,2,2,1.0,1.0337078651685394,1.0,False,True,False,True,False,True,False,False,False,False,False,False,False,False,False,False,True,False,True
29,0,461,1,3,4,1,70,4,2,3,6294,23060,8,1,12,3,4,0,10,5,4,3,2,0,2,0.3,1.1786516853932585,0.0,True,False,True,False,True,False,False,False,False,False,False,False,False,False,False,False,False,False,True
30,0,979,15,2,3,1,94,2,3,1,7140,3088,2,0,11,3,1,1,12,2,3,7,7,1,7,0.5833333333333334,0.7154308617234469,0.14285714285714285,False,True,False,True,False,True,False,False,False,False,False,False,False,False,False,True,False,False,False
34,0,181,2,4,4,1,97,4,1,4,2932,5586,0,1,14,3,1,3,6,3,3,5,0,1,2,0.8333333333333334,1.09812734082397,0.2,False,True,True,False,False,False,True,False,False,False,False,False,False,False,True,False,False,True,False
33,0,1283,2,3,4,0,62,3,2,2,5147,10697,8,0,15,3,4,0,13,2,2,11,7,1,7,0.8461538461538461,0.9638576779026217,0.09090909090909091,False,False,False,True,False,True,False,False,False,False,False,False,False,False,False,True,False,False,True
49,0,1313,11,4,4,0,80,3,2,4,4507,8191,3,0,12,3,3,0,8,1,4,5,1,0,4,0.625,0.8440074906367041,0.0,False,True,False,True,False,True,False,False,False,False,False,False,False,False,False,True,False,False,True
33,1,211,16,3,1,0,74,3,3,1,8564,10092,2,1,20,4,3,0,11,2,2,0,0,0,0,0.0,0.8581162324649299,0.0,False,True,False,True,True,False,False,False,False,False,False,False,False,False,False,True,False,False,True
38,0,594,2,2,3,0,75,2,1,2,2468,15963,4,0,14,3,2,1,9,4,2,6,1,0,5,0.6666666666666666,0.9243445692883895,0.0,True,False,True,False,False,False,True,False,False,False,True,False,False,False,False,False,False,True,False
31,1,1079,16,4,1,1,70,3,3,3,8161,19002,2,0,13,3,1,3,10,2,3,1,0,0,0,0.1,0.8177354709418838,0.0,False,True,False,True,False,True,False,False,False,False,False,False,False,False,False,True,False,True,False
29,0,590,4,3,4,0,91,2,1,1,2109,10007,1,0,13,3,3,1,1,2,3,1,0,0,0,1.0,0.7898876404494382,0.0,False,True,True,False,False,False,False,False,True,False,False,False,False,False,True,False,False,False,False
30,0,305,16,3,3,1,58,4,2,3,5294,9128,3,0,16,3,3,1,10,3,3,7,0,1,7,0.7,0.9913857677902622,0.14285714285714285,False,True,True,False,True,False,False,False,False,False,False,False,False,False,False,False,False,True,False
32,0,953,5,4,2,1,65,3,1,2,2718,17674,2,0,14,3,2,0,12,3,3,7,7,0,7,0.5833333333333334,1.0179775280898877,0.0,False,False,True,False,False,False,False,False,True,False,False,False,False,False,True,False,False,False,True
38,0,833,18,3,2,1,60,1,2,4,5811,24539,3,1,16,3,3,1,15,2,3,1,0,1,0,0.06666666666666667,1.0882022471910113,1.0,False,True,True,False,False,False,True,False,False,False,False,False,False,False,False,False,False,True,False
43,1,807,17,3,3,1,38,2,1,3,2437,15587,9,1,16,3,4,1,6,4,3,1,0,0,0,0.16666666666666666,0.9127340823970037,0.0,True,False,True,False,False,False,False,False,True,False,False,False,False,False,True,False,False,True,False
42,0,855,12,3,2,1,57,3,1,2,2766,8952,8,0,22,4,2,3,7,6,2,5,3,0,4,0.7142857142857143,1.0359550561797752,0.0,False,True,True,False,False,False,True,False,False,False,True,False,False,False,False,False,False,False,False
55,0,478,2,3,3,1,60,2,5,1,19038,19805,8,0,12,3,2,3,34,2,3,1,0,0,0,0.029411764705882353,0.9899126455906821,0.0,False,True,True,False,False,False,True,False,False,False,False,False,False,True,False,False,False,True,False
33,0,775,4,3,4,1,90,3,2,2,3055,6194,5,0,15,3,4,2,11,2,2,9,8,1,7,0.8181818181818182,0.5720973782771536,0.1111111111111111,False,False,True,False,False,False,False,False,True,False,False,False,False,False,True,False,False,False,False
41,0,548,9,4,3,1,94,3,1,1,2289,20520,1,0,20,4,2,2,5,2,3,5,3,0,4,1.0,0.8573033707865169,0.0,False,True,True,False,True,False,False,False,False,False,True,False,False,False,False,False,False,False,False
34,0,1375,10,3,4,1,87,3,2,3,4001,12313,1,1,14,3,3,1,15,3,3,15,14,0,7,1.0,0.7492509363295881,0.0,False,False,False,True,True,False,False,False,False,False,False,False,False,False,False,True,False,False,False
53,0,661,1,4,1,0,60,2,4,3,12965,22308,4,1,20,4,4,3,27,2,2,3,2,0,2,0.1111111111111111,0.8025875944038628,0.0,False,False,True,False,False,False,True,False,False,False,False,False,True,False,False,False,False,True,False
43,0,244,2,3,2,1,97,3,1,4,3539,5033,0,0,13,3,2,0,10,5,3,9,7,1,8,0.9,1.3254681647940074,0.1111111111111111,False,True,False,False,True,False,False,False,False,True,False,False,False,False,False,False,False,False,True
34,0,511,3,2,4,0,32,1,2,4,6029,25353,5,0,12,3,1,0,6,3,3,2,2,2,2,0.3333333333333333,1.1290262172284644,1.0,False,True,False,True,True,False,False,False,False,False,False,False,False,False,False,True,False,False,True
21,1,337,7,1,2,1,31,3,1,2,2679,4567,1,0,13,3,2,0,1,3,3,1,0,1,0,1.0,1.003370786516854,1.0,False,True,False,True,False,True,False,False,False,False,False,False,False,False,False,False,True,False,True
38,0,1153,6,2,4,0,40,2,1,3,3702,16376,1,0,11,3,2,1,5,3,3,5,4,0,4,1.0,1.3865168539325843,0.0,False,True,True,False,False,False,False,True,False,False,True,False,False,False,False,False,False,True,False
22,1,1294,8,1,3,0,79,3,1,1,2398,15999,1,1,17,3,3,0,1,6,3,1,0,0,0,1.0,0.89812734082397,0.0,False,True,True,False,False,False,True,False,False,False,True,False,False,False,False,False,False,True,False
31,0,196,29,4,1,0,91,2,2,4,5468,13402,1,0,14,3,1,2,13,3,3,12,7,5,7,0.9230769230769231,1.0239700374531835,0.4166666666666667,False,True,False,True,False,True,False,False,False,False,False,False,False,False,False,True,False,True,False
51,0,942,3,3,1,0,53,3,3,3,13116,22984,2,0,11,3,4,0,15,2,3,2,2,2,2,0.13333333333333333,1.3142284569138276,1.0,False,True,True,False,False,False,False,False,True,False,False,True,False,False,False,False,False,True,False
37,0,589,9,2,2,1,46,2,2,2,4189,8800,1,0,14,3,1,2,5,2,3,5,2,0,3,1.0,0.7844569288389514,0.0,False,True,False,True,False,True,False,False,False,False,False,False,False,False,False,True,False,True,False
46,0,734,2,4,3,1,46,3,5,4,19328,14218,7,1,17,3,3,1,24,3,3,2,1,2,2,0.08333333333333333,1.004991680532446,1.0,False,True,True,False,False,False,True,False,False,False,False,False,False,True,False,False,False,False,False
36,0,1383,10,3,4,1,90,3,3,1,8321,25949,7,1,13,3,4,1,15,1,3,12,8,5,7,0.8,0.8337675350701402,0.4166666666666667,False,True,True,False,True,False,False,False,False,False,False,False,False,False,False,False,False,True,False
44,1,429,1,2,3,1,99,3,1,2,2342,11092,1,1,12,3,3,3,6,2,2,5,3,2,3,0.8333333333333334,0.8771535580524344,0.4,True,False,True,False,False,False,True,False,False,False,False,False,False,False,True,False,False,False,False
37,0,1239,8,2,3,1,89,3,2,2,4071,12832,2,0,13,3,3,0,19,4,2,10,0,4,7,0.5263157894736842,0.7623595505617977,0.4,False,True,False,False,False,False,False,True,False,True,False,False,False,False,False,False,False,False,False
35,1,303,27,3,3,1,84,3,2,4,5813,13492,1,1,18,3,4,0,10,2,3,10,7,7,7,1.0,1.0885767790262173,0.7,False,True,False,True,True,False,False,False,False,False,False,False,False,False,False,True,False,False,True
33,0,867,8,4,4,1,90,4,1,1,3143,6076,6,0,19,3,2,1,14,1,3,10,8,7,6,0.7142857142857143,1.1771535580524344,0.7,False,True,True,False,True,False,False,False,False,False,False,False,False,False,True,False,False,True,False
28,0,1181,1,3,3,1,82,3,1,4,2044,5531,1,0,11,3,3,1,5,6,4,5,3,0,3,1.0,0.7655430711610487,0.0,False,True,True,False,True,False,False,False,False,False,False,False,False,False,True,False,False,True,False
39,0,1253,10,1,3,1,65,3,3,3,13464,7914,7,0,21,4,3,0,9,3,3,4,3,2,2,0.4444444444444444,1.3490981963927855,0.5,False,True,True,False,False,False,True,False,False,False,False,False,False,True,False,False,False,False,True
46,0,849,26,2,2,1,98,2,2,2,7991,25166,8,0,15,3,3,0,6,3,3,2,2,2,2,0.3333333333333333,1.496441947565543,1.0,False,False,False,True,True,False,False,False,False,False,False,False,False,False,False,True,False,False,True
40,0,616,2,2,3,0,99,3,1,1,3377,25605,4,0,17,3,4,1,7,5,2,4,3,0,2,0.5714285714285714,1.2647940074906368,0.0,False,True,True,False,True,False,False,False,False,False,True,False,False,False,False,False,False,True,False
42,0,1128,13,3,2,1,95,4,2,1,5538,5696,5,0,18,3,3,2,10,2,2,0,0,0,0,0.0,1.0370786516853931,0.0,False,True,True,False,False,False,True,False,False,False,False,False,False,False,False,False,False,True,False
35,0,1180,2,2,2,1,90,3,2,4,5762,24442,2,0,14,3,3,1,15,6,3,7,7,1,7,0.4666666666666667,1.0790262172284644,0.14285714285714285,False,False,True,False,False,False,True,False,False,False,False,False,True,False,False,False,False,False,False
38,0,1336,2,3,1,1,100,3,1,2,2592,7129,5,0,13,3,4,3,13,3,3,11,10,3,8,0.8461538461538461,0.9707865168539326,0.2727272727272727,False,False,False,False,False,False,False,False,False,True,False,False,False,False,False,False,False,False,False
34,1,234,9,4,4,1,93,3,2,1,5346,6208,4,0,17,3,3,1,11,3,2,7,1,0,7,0.6363636363636364,1.001123595505618,0.0,True,False,True,False,True,False,False,False,False,False,True,False,False,False,False,False,False,True,False
37,1,370,10,4,4,1,58,3,2,1,4213,4992,1,0,15,3,2,0,10,4,1,10,3,0,8,1.0,0.7889513108614232,0.0,False,True,True,False,False,False,True,False,False,False,False,False,True,False,False,False,False,False,True
39,0,766,20,3,3,1,83,3,2,4,4127,19188,2,0,18,3,4,1,7,6,3,2,1,2,2,0.2857142857142857,0.7728464419475656,1.0,True,False,False,True,True,False,False,False,False,False,False,False,False,False,False,True,False,False,False
43,0,343,9,3,1,1,52,3,1,3,2438,24978,4,0,13,3,3,0,7,2,2,3,2,1,2,0.42857142857142855,0.9131086142322098,0.3333333333333333,False,False,True,False,True,False,False,False,False,False,False,False,False,False,True,False,False,False,True
41,0,447,5,3,2,1,85,4,2,2,6870,15530,3,0,12,3,1,0,11,3,1,3,2,1,2,0.2727272727272727,1.2865168539325842,0.3333333333333333,False,True,True,False,True,False,False,False,False,False,False,False,False,False,False,False,False,False,True
41,0,796,4,1,3,0,81,3,3,3,10447,26458,0,1,13,3,4,1,23,3,4,22,14,13,5,0.9565217391304348,1.0467935871743488,0.5909090909090909,False,True,False,True,False,True,False,False,False,False,False,False,False,False,False,True,False,False,False
30,0,1092,10,3,1,0,64,3,3,3,9667,2739,9,0,14,3,2,0,9,3,3,7,7,0,2,0.7777777777777778,0.9686372745490982,0.0,False,True,True,False,False,False,True,False,False,False,False,False,True,False,False,False,False,False,True
26,1,920,20,2,4,0,69,3,1,2,2148,6889,0,1,11,3,3,0,6,3,3,5,1,1,4,0.8333333333333334,0.8044943820224719,0.2,False,True,False,False,False,False,True,False,False,True,False,False,False,False,False,False,False,True,False
46,1,261,21,2,4,0,66,3,2,2,8926,10842,4,0,22,4,4,1,13,2,4,9,7,3,7,0.6923076923076923,1.6715355805243446,0.3333333333333333,False,True,True,False,False,False,True,False,False,False,False,False,False,False,False,False,False,True,False
40,0,1194,1,3,3,0,52,3,2,4,6513,9060,4,0,17,3,4,1,12,3,3,5,3,0,3,0.4166666666666667,1.2196629213483146,0.0,False,True,True,False,True,False,False,False,False,False,False,False,False,False,False,False,False,False,False
34,0,810,8,2,2,1,92,4,2,3,6799,22128,1,0,21,4,3,2,10,5,3,10,8,4,8,1.0,1.2732209737827715,0.4,False,True,False,True,False,False,False,False,True,False,False,False,False,False,False,True,False,True,False
58,0,350,2,3,2,1,52,3,4,2,16291,22577,4,0,22,4,4,1,37,0,2,16,9,14,14,0.43243243243243246,1.0084808716107465,0.875,False,False,False,True,False,False,True,False,False,False,False,True,False,False,False,False,False,False,False
35,0,185,23,4,2,1,91,1,1,3,2705,9696,0,0,16,3,2,1,6,2,4,5,4,0,3,0.8333333333333334,1.0131086142322097,0.0,False,True,True,False,False,False,True,False,False,False,True,False,False,False,False,False,False,True,False
47,0,1001,4,3,3,0,92,2,3,2,10333,19271,8,1,12,3,3,1,28,4,3,22,11,14,10,0.7857142857142857,1.035370741482966,0.6363636363636364,False,True,True,False,True,False,False,False,False,False,False,False,True,False,False,False,False,False,False
40,0,750,12,3,2,0,47,3,2,1,4448,10748,2,0,12,3,2,1,15,3,3,7,4,7,7,0.4666666666666667,0.8329588014981273,1.0,False,True,True,False,True,False,False,False,False,False,False,False,False,False,False,False,False,False,False
54,0,431,7,4,4,0,68,3,2,4,6854,15696,4,0,15,3,2,1,14,2,2,7,1,1,7,0.5,1.2835205992509364,0.14285714285714285,False,True,True,False,False,False,True,False,False,False,False,False,False,False,True,False,False,True,False
31,0,1125,7,4,1,0,68,3,3,1,9637,8277,2,0,14,3,4,2,9,3,3,3,2,2,2,0.3333333333333333,0.96563126252505,0.6666666666666666,True,False,False,True,False,True,False,False,False,False,False,False,False,False,False,True,False,True,False
28,0,1217,1,3,3,0,67,3,1,1,3591,12719,1,0,25,4,3,1,3,3,3,3,2,1,2,1.0,1.344943820224719,0.3333333333333333,False,True,True,False,False,False,True,False,False,False,False,False,False,False,True,False,False,True,False
38,0,723,2,4,2,0,77,1,2,4,5405,4244,2,1,20,4,1,2,20,4,2,4,2,0,3,0.2,1.0121722846441947,0.0,False,True,False,True,False,True,False,False,False,False,False,False,False,False,False,False,True,True,False
26,0,572,10,3,3,1,46,3,2,4,4684,9125,1,0,13,3,1,0,5,4,3,5,3,1,2,1.0,0.8771535580524344,0.2,False,True,False,True,False,False,True,False,False,False,False,False,False,False,False,True,False,False,True
58,0,1216,15,4,1,1,87,3,4,3,15787,21624,2,1,14,3,2,0,23,3,3,2,2,2,2,0.08695652173913043,0.9772811687507738,1.0,True,False,True,False,True,False,False,False,False,False,False,False,False,True,False,False,False,True,False
18,0,1431,14,3,2,0,33,3,1,3,1514,8018,1,0,16,3,3,0,0,4,1,0,0,0,0,0.0,0.5670411985018726,0.0,False,False,True,False,False,False,True,False,False,False,False,False,False,False,True,False,False,False,True
31,1,359,18,5,4,1,89,4,1,1,2956,21495,0,0,17,3,3,0,2,4,3,1,0,0,0,0.5,1.1071161048689138,0.0,False,True,False,False,False,False,False,False,False,True,False,False,False,False,False,False,False,True,False
29,1,350,13,3,1,1,56,2,1,1,2335,3157,4,1,15,3,4,3,4,3,3,2,2,2,0,0.5,0.8745318352059925,1.0,False,True,False,False,False,False,False,False,False,True,False,False,False,False,False,False,False,False,False
45,0,589,2,4,3,0,67,3,2,3,5154,19665,4,0,22,4,2,2,10,3,4,8,7,5,7,0.8,0.9651685393258427,0.625,False,False,False,True,True,False,False,False,False,False,False,False,False,False,False,True,False,True,False
36,0,430,2,4,4,0,73,3,2,2,6962,19573,4,1,22,4,4,1,15,2,3,1,0,0,0,0.06666666666666667,1.30374531835206,0.0,False,True,True,False,False,False,False,True,False,False,False,False,False,False,True,False,False,True,False
43,0,1422,2,4,1,1,92,3,2,4,5675,19246,1,0,20,4,3,1,7,5,3,7,7,7,7,1.0,1.0627340823970037,1.0,True,False,False,True,True,False,False,False,False,False,False,False,False,False,False,True,False,True,False
27,0,1297,5,2,4,0,53,3,1,4,2379,19826,0,1,14,3,3,0,6,3,2,5,4,0,2,0.8333333333333334,0.8910112359550562,0.0,True,False,True,False,True,False,False,False,False,False,True,False,False,False,False,False,False,False,True
29,0,574,20,1,4,1,40,3,1,4,3812,7003,1,0,13,3,2,0,11,3,4,11,8,3,10,1.0,1.4277153558052433,0.2727272727272727,True,False,True,False,False,False,True,False,False,False,True,False,False,False,False,False,False,True,False
32,0,1318,10,4,4,1,79,3,2,4,4648,26075,8,0,13,3,3,0,4,2,4,0,0,0,0,0.0,0.8704119850187266,0.0,True,False,False,True,False,True,False,False,False,False,False,False,False,False,False,True,False,False,True
42,0,355,10,4,3,1,38,3,1,3,2936,6161,3,0,22,4,2,2,10,1,2,6,3,3,3,0.6,1.0996254681647941,0.5,False,False,True,False,False,False,False,False,True,False,False,False,False,False,True,False,False,True,False
47,0,207,9,4,2,0,64,3,1,3,2105,5411,4,0,12,3,3,0,7,2,3,2,2,2,0,0.2857142857142857,0.7883895131086143,1.0,False,True,True,False,True,False,False,False,False,False,True,False,False,False,False,False,False,False,True
46,0,706,2,2,4,1,82,3,3,4,8578,19989,3,0,14,3,3,1,12,4,2,9,8,4,7,0.75,0.8595190380761523,0.4444444444444444,False,True,True,False,True,False,False,False,False,False,False,False,True,False,False,False,False,False,False
28,0,280,1,2,3,1,43,3,1,4,2706,10494,1,0,15,3,2,1,3,2,3,3,2,2,2,1.0,1.0134831460674156,0.6666666666666666,False,False,False,False,True,False,False,False,False,True,False,False,False,False,False,False,False,False,False
29,0,726,29,1,4,1,93,1,2,3,6384,21143,8,0,17,3,4,2,11,3,3,7,0,1,6,0.6363636363636364,1.195505617977528,0.14285714285714285,False,True,True,False,True,False,False,False,False,False,False,False,False,False,False,False,False,False,False
42,0,1142,8,3,4,1,81,3,1,3,3968,13624,4,0,13,3,4,0,8,3,3,0,0,0,0,0.0,1.4861423220973782,0.0,False,True,True,False,True,False,False,False,False,False,True,False,False,False,False,False,False,False,True
32,1,414,2,4,3,1,82,2,2,2,9907,26186,7,1,12,3,3,0,7,3,2,2,2,2,2,0.2857142857142857,1.855243445692884,1.0,False,True,False,True,False,True,False,False,False,False,False,False,False,False,False,True,False,False,True
46,0,1319,3,3,1,0,45,4,4,1,13225,7739,2,0,12,3,4,1,25,5,3,19,17,2,8,0.76,0.818682679212579,0.10526315789473684,False,True,False,True,False,False,False,False,True,False,False,False,False,False,False,True,False,False,False
27,0,728,23,1,2,0,36,2,2,3,3540,7018,1,0,21,4,4,1,9,5,3,9,8,5,8,1.0,0.6629213483146067,0.5555555555555556,False,True,False,True,False,False,True,False,False,False,False,False,False,False,False,False,True,True,False
29,0,352,6,1,4,1,87,2,1,2,2804,15434,1,0,11,3,4,0,1,3,3,1,0,0,0,1.0,1.050187265917603,0.0,False,True,False,False,False,False,True,False,False,True,False,False,False,False,False,False,False,True,False
43,0,823,6,3,1,0,81,2,5,3,19392,22539,7,0,13,3,4,0,21,2,3,16,12,6,14,0.7619047619047619,1.0083194675540765,0.375,False,True,True,False,False,False,True,False,False,False,False,True,False,False,False,False,False,True,False
48,0,1224,10,3,4,1,91,2,5,2,19665,13583,4,0,12,3,4,0,29,3,3,22,10,12,9,0.7586206896551724,1.0225145590682196,0.5454545454545454,False,True,True,False,True,False,False,False,False,False,False,False,False,True,False,False,False,True,False
29,1,459,24,2,4,1,73,2,1,4,2439,14753,1,1,24,4,2,0,1,3,2,1,0,1,0,1.0,0.9134831460674158,1.0,True,False,True,False,True,False,False,False,False,False,False,False,False,False,True,False,False,False,True
46,1,1254,10,3,3,0,64,3,3,2,7314,14011,5,0,21,4,3,3,14,2,3,8,7,0,7,0.5714285714285714,0.7328657314629259,0.0,False,True,False,True,True,False,False,False,False,False,False,False,False,False,False,True,False,True,False
27,0,1131,15,3,4,0,77,2,1,1,4774,23844,0,0,19,3,4,1,8,2,2,7,6,7,3,0.875,1.7880149812734083,1.0,True,False,True,False,True,False,False,False,False,False,False,False,False,False,True,False,False,True,False
39,0,835,19,4,4,1,41,3,2,4,3902,5141,8,0,14,3,2,3,7,2,3,2,2,2,2,0.2857142857142857,0.7307116104868914,1.0,False,True,True,False,False,False,False,True,False,False,False,False,False,False,True,False,False,False,False
55,0,836,2,4,2,1,98,2,1,4,2662,7975,8,0,20,4,2,1,19,2,4,5,2,0,4,0.2631578947368421,0.997003745318352,0.0,False,True,True,False,False,False,False,False,True,False,False,False,False,False,True,False,False,True,False
28,0,1172,3,3,2,0,78,3,1,2,2856,3692,1,0,19,3,4,1,1,3,3,1,0,0,0,1.0,1.0696629213483146,0.0,False,True,False,True,False,False,True,False,False,False,False,False,False,False,False,False,True,True,False
30,1,945,9,3,2,1,89,3,1,4,1081,16019,1,0,13,3,3,0,1,3,2,1,0,0,0,1.0,0.4048689138576779,0.0,False,True,False,True,False,False,True,False,False,False,False,False,False,False,False,False,True,False,True
22,1,391,7,1,4,1,75,3,1,2,2472,26092,1,1,23,4,1,0,1,2,3,1,0,0,0,1.0,0.9258426966292135,0.0,False,True,True,False,True,False,False,False,False,False,False,False,False,False,True,False,False,False,True
36,0,1266,10,4,2,0,63,2,2,3,5673,6060,1,1,13,3,1,1,10,4,3,10,9,1,7,1.0,1.0623595505617978,0.1,False,True,False,True,False,False,False,False,True,False,False,False,False,False,False,True,False,True,False
31,0,311,20,3,2,1,89,3,2,3,4197,18624,1,0,11,3,1,1,10,2,3,10,8,0,2,1.0,0.7859550561797752,0.0,False,True,True,False,True,False,False,False,False,False,True,False,False,False,False,False,False,False,False
34,0,1480,4,3,3,1,64,3,3,4,9713,24444,2,1,13,3,4,3,9,3,3,5,3,1,0,0.5555555555555556,0.973246492985972,0.2,False,True,False,True,True,False,False,False,False,False,False,False,False,False,False,True,False,True,False
29,0,592,7,3,4,1,59,3,1,1,2062,19384,3,0,14,3,2,0,11,2,3,3,2,1,2,0.2727272727272727,0.7722846441947565,0.3333333333333333,False,True,True,False,True,False,False,False,False,False,True,False,False,False,False,False,False,False,True
37,0,783,7,4,4,1,78,3,2,1,4284,13588,5,1,22,4,3,1,16,2,3,5,3,0,4,0.3125,0.802247191011236,0.0,False,True,True,False,False,False,True,False,False,False,False,False,False,False,True,False,False,True,False
35,0,219,16,2,4,0,44,2,2,2,4788,25388,0,1,11,3,4,0,4,2,3,3,2,0,2,0.75,0.8966292134831461,0.0,False,True,True,False,False,False,False,True,False,False,False,False,True,False,False,False,False,True,False
45,0,556,25,2,2,0,93,2,2,4,5906,23888,0,0,13,3,4,2,10,2,2,9,8,3,8,0.9,1.1059925093632959,0.3333333333333333,False,True,True,False,True,False,False,False,False,False,False,False,True,False,False,False,False,True,False
36,0,1213,2,1,2,1,94,2,2,4,3886,4223,1,0,21,4,4,0,10,2,2,10,1,0,8,1.0,0.7277153558052435,0.0,True,False,False,False,False,False,False,False,False,True,False,False,False,False,False,False,False,False,True
40,0,1137,1,4,1,1,98,3,4,1,16823,18991,2,0,11,3,1,1,22,3,3,19,7,11,16,0.8636363636363636,1.0414138912962734,0.5789473684210527,False,True,True,False,True,False,False,False,False,False,False,True,False,False,False,False,False,False,False
26,0,482,1,2,2,0,90,2,1,3,2933,14908,1,1,13,3,3,1,1,3,2,1,0,1,0,1.0,1.098501872659176,1.0,False,True,True,False,True,False,False,False,False,False,False,False,False,False,True,False,False,True,False
27,0,511,2,2,1,0,89,4,2,3,6500,26997,0,0,14,3,2,0,9,5,2,8,7,0,7,0.8888888888888888,1.2172284644194757,0.0,False,True,False,True,False,False,True,False,False,False,False,False,False,False,False,True,False,False,True
48,0,117,22,3,4,0,58,3,4,4,17174,2437,3,0,11,3,2,1,24,3,3,22,17,4,7,0.9166666666666666,1.0631422557880401,0.18181818181818182,True,False,True,False,False,False,True,False,False,False,False,True,False,False,False,False,False,False,False
44,0,170,1,4,2,1,78,4,2,1,5033,9364,2,0,15,3,4,1,10,5,3,2,0,2,2,0.2,0.9425093632958802,1.0,False,True,True,False,True,False,False,False,False,False,False,False,False,False,False,False,False,True,False
34,1,967,16,4,4,1,85,1,1,1,2307,14460,1,1,23,4,2,1,5,2,3,5,2,3,0,1.0,0.8640449438202247,0.6,False,False,True,False,False,False,False,False,True,False,False,False,False,False,True,False,False,True,False
56,1,1162,24,2,1,1,97,3,1,4,2587,10261,1,0,16,3,4,0,5,3,3,4,2,1,0,0.8,0.9689138576779026,0.25,False,True,True,False,True,False,False,False,False,False,True,False,False,False,False,False,False,False,True
36,0,335,17,2,3,1,33,2,2,2,5507,16822,2,0,16,3,3,2,12,1,1,4,2,1,3,0.3333333333333333,1.0312734082397004,0.25,False,True,False,True,False,True,False,False,False,False,False,False,False,False,False,True,False,True,False
41,0,337,8,3,3,0,54,3,2,2,4393,26841,5,0,21,4,3,1,14,3,3,5,4,1,4,0.35714285714285715,0.8226591760299625,0.2,False,True,False,True,False,True,False,False,False,False,False,False,False,False,False,True,False,True,False
42,0,1396,6,3,3,1,83,3,3,1,13348,14842,9,0,13,3,2,1,18,3,4,13,7,5,7,0.7222222222222222,1.3374749498997995,0.38461538461538464,False,True,True,False,False,False,True,False,False,False,False,False,False,True,False,False,False,True,False
31,0,1079,10,2,3,0,86,3,2,4,6583,20115,2,1,11,3,4,1,8,2,3,5,2,1,4,0.625,1.2327715355805244,0.2,False,True,False,True,False,False,True,False,False,False,False,False,False,False,False,True,False,False,False
34,0,735,3,1,4,0,75,2,2,4,8103,16495,3,1,12,3,3,0,9,3,2,4,2,0,1,0.4444444444444444,1.5174157303370785,0.0,False,True,False,True,False,False,True,False,False,False,False,False,False,False,False,True,False,True,False
31,0,471,4,3,1,0,62,4,1,3,3978,16031,8,0,12,3,2,1,4,0,2,2,2,2,2,0.5,1.489887640449438,1.0,False,True,True,False,False,False,True,False,False,False,True,False,False,False,False,False,False,False,False
26,0,1096,6,3,3,1,61,4,1,4,2544,7102,0,0,18,3,1,1,8,3,3,7,7,7,7,0.875,0.952808988764045,1.0,True,False,True,False,False,False,False,True,False,False,True,False,False,False,False,False,False,True,False
45,0,1297,1,4,2,1,44,3,2,3,5399,14511,4,0,12,3,3,0,12,3,3,4,2,0,3,0.3333333333333333,1.0110486891385768,0.0,True,False,True,False,False,False,True,False,False,False,False,False,False,False,False,False,False,False,True
33,0,217,10,4,2,1,43,3,2,3,5487,10410,1,0,14,3,2,0,10,2,2,10,4,0,9,1.0,1.0275280898876404,0.0,False,True,False,True,False,True,False,False,False,False,False,False,False,False,False,True,False,False,True
28,0,783,1,2,3,1,42,2,2,4,6834,19255,1,1,12,3,3,1,7,2,3,7,7,0,7,1.0,1.2797752808988765,0.0,True,False,False,True,True,False,False,False,False,False,False,False,False,False,False,True,False,True,False
29,1,746,24,3,3,1,45,4,1,1,1091,10642,1,0,17,3,4,0,1,3,3,1,0,0,0,1.0,0.4086142322097378,0.0,True,False,False,True,False,False,False,False,True,False,False,False,False,False,False,False,True,False,True
39,0,1251,21,4,1,0,32,1,2,3,5736,3987,6,0,19,3,3,1,10,1,3,3,2,1,2,0.3,1.0741573033707865,0.3333333333333333,False,False,False,True,True,False,False,False,False,False,False,False,False,False,False,True,False,True,False
27,0,1354,2,4,2,1,41,3,1,2,2226,6073,1,0,11,3,3,1,6,3,2,5,3,1,2,0.8333333333333334,0.8337078651685393,0.2,False,True,True,False,False,False,False,False,True,False,False,False,False,False,True,False,False,True,False
34,0,735,22,4,3,1,86,2,2,4,5747,26496,1,1,15,3,2,0,16,3,3,15,10,6,11,0.9375,1.0762172284644196,0.4,True,False,True,False,False,False,False,True,False,False,False,False,False,False,True,False,False,True,False
28,1,1475,13,2,4,0,84,3,2,3,9854,23352,3,1,11,3,4,0,6,0,3,2,0,2,2,0.3333333333333333,1.845318352059925,1.0,False,True,False,True,False,True,False,False,False,False,False,False,False,False,False,True,False,False,True
47,0,1169,14,4,3,1,64,3,2,2,5467,2125,8,0,18,3,3,1,16,4,4,8,7,1,7,0.5,1.0237827715355805,0.125,False,False,True,False,False,False,False,False,True,False,False,False,False,False,True,False,False,True,False
56,0,1443,11,5,4,0,89,2,2,1,5380,20328,4,0,16,3,3,1,6,3,3,0,0,0,0,0.0,1.0074906367041199,0.0,False,True,False,True,False,True,False,False,False,False,False,False,False,False,False,True,False,True,False
39,0,867,9,2,1,1,87,3,2,1,5151,12315,1,0,25,4,4,1,10,3,3,10,0,7,9,1.0,0.9646067415730337,0.7,False,True,True,False,False,False,True,False,False,False,False,False,True,False,False,False,False,True,False
38,0,1394,8,3,4,0,58,2,2,2,2133,18115,1,1,16,3,3,1,20,3,3,20,11,0,7,1.0,0.399438202247191,0.0,True,False,True,False,False,False,True,False,False,False,False,False,False,False,True,False,False,False,False
58,0,605,21,3,4,0,72,3,4,4,17875,11761,4,1,13,3,3,1,29,2,2,1,0,0,0,0.034482758620689655,1.1065370805992323,0.0,False,True,False,True,True,False,False,False,False,False,False,True,False,False,False,False,False,True,False
32,1,238,5,2,1,0,47,4,1,3,2432,15318,3,1,14,3,1,0,8,2,3,4,1,0,3,0.5,0.9108614232209737,0.0,True,False,True,False,True,False,False,False,False,False,False,False,False,False,True,False,False,False,True
38,0,1206,9,2,2,1,71,3,1,4,4771,14293,2,0,19,3,4,2,10,0,4,5,2,0,3,0.5,1.7868913857677902,0.0,False,True,True,False,True,False,False,False,False,False,False,False,False,False,True,False,False,False,False
49,0,1064,2,1,2,1,42,3,5,4,19161,13738,3,0,15,3,4,0,28,3,3,5,4,4,3,0.17857142857142858,0.9963082362728786,0.8,True,False,True,False,True,False,False,False,False,False,False,False,False,True,False,False,False,True,False
42,0,419,12,4,2,1,77,3,2,4,5087,2900,3,1,12,3,3,2,14,4,3,0,0,0,0,0.0,0.952621722846442,0.0,False,True,False,True,False,True,False,False,False,False,False,False,False,False,False,True,False,False,False
27,1,1337,22,3,1,0,58,2,1,2,2863,19555,1,0,12,3,1,0,1,2,3,1,0,0,0,1.0,1.0722846441947567,0.0,True,False,False,False,False,False,False,False,False,True,False,False,False,False,False,False,False,True,False
35,0,682,18,4,2,1,71,3,2,1,5561,15975,0,0,16,3,4,1,6,2,1,5,3,0,4,0.8333333333333334,1.0413857677902623,0.0,False,True,False,True,False,False,True,False,False,False,False,False,False,False,False,True,False,True,False
28,0,1103,16,3,3,1,49,3,1,3,2144,2122,1,0,14,3,3,0,5,3,2,5,3,1,4,1.0,0.8029962546816479,0.2,False,False,True,False,False,False,True,False,False,False,False,False,False,False,True,False,False,False,True
31,0,976,3,2,3,1,48,3,1,1,3065,3995,1,1,13,3,4,1,4,3,4,4,2,2,3,1.0,1.147940074906367,0.5,False,False,True,False,False,False,True,False,False,False,False,False,False,False,True,False,False,False,False
36,0,1351,9,4,1,1,66,4,1,2,2810,9238,1,0,22,4,2,0,5,3,3,5,4,0,2,1.0,1.0524344569288389,0.0,False,False,True,False,True,False,False,False,False,False,True,False,False,False,False,False,False,True,False
34,0,937,1,3,1,1,32,3,3,4,9888,6770,1,0,21,4,1,0,14,3,2,14,8,2,1,1.0,0.9907815631262525,0.14285714285714285,False,True,False,True,False,True,False,False,False,False,False,False,False,False,False,True,False,False,True
34,0,1239,13,4,4,1,39,3,3,3,8628,22914,1,0,18,3,3,1,9,2,2,8,7,1,1,0.8888888888888888,0.8645290581162325,0.125,False,True,False,True,False,False,True,False,False,False,False,False,False,False,False,True,False,False,False
26,0,157,1,3,3,1,95,3,1,1,2867,20006,0,0,13,3,4,0,8,6,2,7,7,7,6,0.875,1.0737827715355805,1.0,False,True,True,False,False,False,True,False,False,False,True,False,False,False,False,False,False,False,True
29,0,136,1,3,1,1,89,3,2,1,5373,6225,0,0,12,3,1,1,6,5,2,5,3,0,2,0.8333333333333334,1.006179775280899,0.0,False,True,True,False,True,False,False,False,False,False,False,False,False,False,False,False,False,True,False
32,0,1146,15,4,3,0,34,3,2,4,6667,16542,5,0,18,3,2,1,9,6,3,5,1,1,2,0.5555555555555556,1.2485018726591761,0.2,False,False,True,False,False,False,True,False,False,False,False,False,False,False,False,False,False,False,False
31,0,1125,1,3,4,1,48,1,2,1,5003,5771,1,0,21,4,2,0,10,6,3,10,8,8,7,1.0,0.9368913857677903,0.8,True,False,True,False,True,False,False,False,False,False,False,False,False,False,True,False,False,True,False
28,1,1404,17,3,3,1,32,2,1,4,2367,18779,5,0,12,3,1,1,6,2,2,4,1,0,3,0.6666666666666666,0.8865168539325843,0.0,False,True,True,False,False,False,False,False,True,False,True,False,False,False,False,False,False,False,False
38,0,1404,1,3,1,1,59,2,1,1,2858,11473,4,0,14,3,1,0,20,3,2,1,0,0,0,0.05,1.0704119850187266,0.0,False,True,False,True,True,False,False,False,False,False,False,False,False,False,False,False,True,False,True
35,0,1224,7,4,3,0,55,3,2,4,5204,13586,1,1,11,3,4,0,10,2,3,10,8,0,9,1.0,0.9745318352059925,0.0,False,True,False,True,True,False,False,False,False,False,False,False,False,False,False,True,False,True,False
27,0,954,9,3,4,1,44,3,2,4,4105,5099,1,0,14,3,1,0,7,5,3,7,7,0,7,1.0,0.7687265917602997,0.0,False,True,False,True,False,True,False,False,False,False,False,False,False,False,False,True,False,False,True
32,0,1373,5,4,4,1,56,2,2,4,9679,10138,8,0,24,4,2,0,8,1,3,1,0,0,0,0.125,1.8125468164794007,0.0,False,True,True,False,True,False,False,False,False,False,False,False,True,False,False,False,False,False,True
31,1,754,26,4,1,1,63,3,2,4,5617,21075,1,1,11,3,3,0,10,4,3,10,7,0,8,1.0,1.05187265917603,0.0,True,False,False,True,False,True,False,False,False,False,False,False,False,False,False,True,False,True,False
53,1,1168,24,4,1,1,66,3,3,1,10448,5843,6,1,13,3,2,0,15,2,2,2,2,2,2,0.13333333333333333,1.0468937875751503,1.0,False,True,False,True,True,False,False,False,False,False,False,False,False,False,False,True,False,False,True
54,0,155,9,2,1,0,67,3,2,3,2897,22474,3,0,11,3,3,2,9,6,2,4,3,2,3,0.4444444444444444,0.5425093632958802,0.5,False,True,True,False,True,False,False,False,False,False,False,False,False,False,True,False,False,True,False
33,0,1303,7,2,4,1,36,3,2,3,5968,18079,1,0,20,4,3,3,9,2,3,9,7,2,8,1.0,1.1176029962546816,0.2222222222222222,True,False,True,False,True,False,False,False,False,False,False,False,False,False,False,False,False,False,False
43,0,574,11,3,1,1,30,3,3,3,7510,16873,1,0,17,3,2,1,10,1,3,10,9,0,9,1.0,0.7525050100200401,0.0,False,True,True,False,True,False,False,False,False,False,False,False,False,False,False,False,False,True,False
38,0,1444,1,4,4,1,88,3,1,2,2991,5224,0,1,11,3,2,1,7,2,3,6,2,1,2,0.8571428571428571,1.1202247191011236,0.16666666666666666,True,False,False,False,False,False,False,True,False,True,False,False,False,False,False,False,False,True,False
55,0,189,26,4,3,1,71,4,5,2,19636,25811,4,1,18,3,1,1,35,0,3,10,9,1,4,0.2857142857142857,1.0210066555740434,0.1,False,True,False,False,False,False,False,False,False,False,False,True,False,False,False,False,False,True,False
31,0,1276,2,1,4,0,59,1,1,4,1129,17536,1,1,11,3,3,3,1,4,3,1,0,0,0,1.0,0.42284644194756554,0.0,False,True,True,False,False,False,True,False,False,False,True,False,False,False,False,False,False,False,False
39,0,119,15,4,2,1,77,3,4,1,13341,25098,0,0,12,3,1,0,21,3,3,20,8,11,10,0.9523809523809523,0.82586356320416,0.55,False,True,False,True,False,True,False,False,False,False,False,False,False,False,False,True,False,False,True
42,0,335,23,2,4,1,37,2,2,3,4332,14811,1,0,12,3,4,0,20,2,3,20,9,3,7,1.0,0.8112359550561797,0.15,False,False,True,False,True,False,False,False,False,False,False,False,False,False,True,False,False,False,True
31,0,697,10,3,3,0,40,3,3,3,11031,26862,4,0,20,4,3,1,13,2,4,11,7,4,8,0.8461538461538461,1.105310621242485,0.36363636363636365,False,False,True,False,False,False,True,False,False,False,False,False,False,True,False,False,False,True,False
54,0,157,10,3,3,0,77,3,2,1,4440,25198,6,1,19,3,4,0,9,3,3,5,2,1,4,0.5555555555555556,0.8314606741573034,0.2,False,True,True,False,False,False,True,False,False,False,False,False,True,False,False,False,False,False,True
24,0,771,1,2,2,1,45,2,2,3,4617,14120,1,0,12,3,2,0,4,2,2,4,3,1,2,1.0,0.8646067415730337,0.25,False,True,True,False,True,False,False,False,False,False,False,False,False,False,False,False,False,False,True
23,0,571,12,2,4,1,78,3,1,4,2647,13672,1,0,13,3,3,0,5,6,4,5,2,1,4,1.0,0.9913857677902622,0.2,False,True,True,False,False,False,False,True,False,False,True,False,False,False,False,False,False,False,True
40,0,692,11,3,4,0,73,3,2,3,6323,26849,1,0,11,3,1,1,10,2,4,10,9,9,4,1.0,1.1840823970037453,0.9,True,False,True,False,False,False,False,False,True,False,True,False,False,False,False,False,False,True,False
40,0,444,2,2,2,0,92,3,2,2,5677,4258,3,0,14,3,3,1,15,4,3,11,8,5,10,0.7333333333333333,1.0631086142322097,0.45454545454545453,False,True,False,True,False,True,False,False,False,False,False,False,False,False,False,True,False,True,False
25,0,309,2,3,3,0,82,3,1,2,2187,19655,4,0,14,3,3,0,6,3,3,2,0,1,2,0.3333333333333333,0.8191011235955056,0.5,False,True,False,False,False,False,False,False,False,True,False,False,False,False,False,False,False,True,False
30,0,911,1,2,4,1,76,3,1,2,3748,4077,1,0,13,3,3,0,12,6,2,12,8,1,7,1.0,1.4037453183520598,0.08333333333333333,False,True,True,False,False,False,True,False,False,False,True,False,False,False,False,False,False,True,False
25,0,977,2,1,4,1,57,3,1,3,3977,7298,6,1,19,3,3,1,7,2,2,2,2,0,2,0.2857142857142857,1.4895131086142321,0.0,False,True,True,False,False,False,False,True,False,False,True,False,False,False,False,False,False,False,False
47,0,1180,25,3,1,1,84,3,3,3,8633,13084,2,0,23,4,2,0,25,3,3,17,14,12,11,0.68,0.8650300601202405,0.7058823529411765,False,True,True,False,False,False,True,False,False,False,False,False,False,False,False,False,False,False,True
33,0,1313,1,2,2,1,59,2,1,3,2008,20439,1,0,12,3,3,3,1,2,2,1,1,0,0,1.0,0.752059925093633,0.0,False,False,True,False,False,False,True,False,False,False,True,False,False,False,False,False,False,False,False
38,0,1321,1,4,4,1,86,3,2,2,4440,7636,0,0,15,3,1,2,16,3,3,15,13,5,8,0.9375,0.8314606741573034,0.3333333333333333,False,True,False,True,True,False,False,False,False,False,False,False,False,False,False,True,False,True,False
31,0,1154,2,2,1,1,54,3,1,3,3067,6393,0,0,19,3,3,1,3,1,3,2,2,1,2,0.6666666666666666,1.148689138576779,0.5,False,True,False,True,True,False,False,False,False,False,False,False,False,False,False,False,True,True,False
38,0,508,6,4,1,1,72,2,2,3,5321,14284,2,0,11,3,4,1,10,1,3,8,3,7,7,0.8,0.996441947565543,0.875,True,False,True,False,True,False,False,False,False,False,False,False,True,False,False,False,False,True,False
42,0,557,18,4,4,1,35,3,2,1,5410,11189,6,1,17,3,3,1,9,3,2,4,3,1,2,0.4444444444444444,1.0131086142322097,0.25,False,True,True,False,True,False,False,False,False,False,False,False,False,False,True,False,False,False,False
41,0,642,1,3,4,1,76,3,1,4,2782,21412,3,0,22,4,1,1,12,3,3,5,3,1,0,0.4166666666666667,1.0419475655430712,0.2,False,True,True,False,True,False,False,False,False,False,False,False,False,False,True,False,False,True,False
47,0,1162,1,1,3,0,98,3,3,2,11957,17231,0,0,18,3,1,2,14,3,1,13,8,5,12,0.9285714285714286,1.1980961923847695,0.38461538461538464,False,False,True,False,False,False,True,False,False,False,False,False,False,True,False,False,False,True,False
35,0,1490,11,4,4,1,43,3,1,3,2660,20232,7,1,11,3,3,1,5,3,3,2,2,2,2,0.4,0.9962546816479401,1.0,False,True,True,False,False,False,True,False,False,False,True,False,False,False,False,False,False,True,False
22,0,581,1,2,4,1,63,3,1,3,3375,17624,0,0,12,3,4,0,4,2,4,3,2,1,2,0.75,1.2640449438202248,0.3333333333333333,False,True,True,False,True,False,False,False,False,False,False,False,False,False,True,False,False,False,True
35,0,1395,9,4,2,1,48,3,2,3,5098,18698,1,0,19,3,2,0,10,5,3,10,7,0,8,1.0,0.9546816479400749,0.0,False,True,True,False,False,False,True,False,False,False,False,False,False,False,True,False,False,False,True
33,0,501,15,2,2,0,95,3,2,4,4878,21653,0,1,13,3,1,1,10,6,3,9,7,8,1,0.9,0.9134831460674158,0.8888888888888888,False,True,True,False,False,False,True,False,False,False,False,False,False,False,False,False,False,True,False
32,0,267,29,4,3,0,49,2,1,2,2837,15919,1,0,13,3,3,0,6,3,3,6,2,4,1,1.0,1.0625468164794007,0.6666666666666666,False,True,True,False,True,False,False,False,False,False,True,False,False,False,False,False,False,False,True
40,0,543,1,4,1,1,83,3,1,4,2406,4060,8,0,19,3,3,2,8,3,2,1,0,0,0,0.125,0.9011235955056179,0.0,False,True,True,False,True,False,False,False,False,False,True,False,False,False,False,False,False,True,False
32,0,234,1,4,2,1,68,2,1,2,2269,18024,0,0,14,3,2,1,3,2,3,2,2,2,2,0.6666666666666666,0.849812734082397,1.0,False,True,False,True,False,False,True,False,False,False,False,False,False,False,False,False,True,True,False
39,0,116,24,1,1,1,52,3,2,4,4108,5340,7,0,13,3,1,0,18,2,3,7,7,1,7,0.3888888888888889,0.7692883895131086,0.14285714285714285,False,True,True,False,True,False,False,False,False,False,False,False,False,False,True,False,False,False,True
38,0,201,10,3,2,0,99,1,3,3,13206,3376,3,0,12,3,1,1,20,3,3,18,16,1,11,0.9,1.323246492985972,0.05555555555555555,False,True,True,False,False,False,True,False,False,False,False,False,False,True,False,False,False,True,False
32,0,801,1,4,3,0,48,3,3,4,10422,24032,1,0,19,3,3,2,14,3,3,14,10,5,7,1.0,1.0442885771543087,0.35714285714285715,False,True,False,True,False,True,False,False,False,False,False,False,False,False,False,True,False,True,False
37,0,161,10,3,3,0,42,4,3,4,13744,15471,1,1,25,4,1,1,16,2,3,16,11,6,8,1.0,1.3771543086172344,0.375,False,True,True,False,True,False,False,False,False,False,False,False,False,True,False,False,False,True,False
25,0,1382,8,2,1,0,85,3,2,3,4907,13684,0,1,22,4,2,1,6,3,2,5,3,0,4,0.8333333333333334,0.9189138576779026,0.0,False,True,False,True,False,False,False,True,False,False,False,False,False,False,False,True,False,False,False
52,0,585,29,4,1,1,40,3,1,4,3482,19788,2,0,15,3,2,2,16,3,2,9,8,0,0,0.5625,1.304119850187266,0.0,False,False,False,True,True,False,False,False,False,False,False,False,False,False,False,False,True,False,False
44,0,1037,1,3,2,1,42,3,1,4,2436,13422,6,1,12,3,3,0,6,2,3,4,3,1,2,0.6666666666666666,0.9123595505617977,0.25,False,True,True,False,False,False,True,False,False,False,False,False,False,False,True,False,False,False,True
21,0,501,5,1,3,1,58,3,1,1,2380,25479,1,1,11,3,4,0,2,6,3,2,2,1,2,1.0,0.8913857677902621,0.5,False,True,False,True,False,False,True,False,False,False,False,False,False,False,False,False,True,False,True
39,0,105,9,3,4,1,87,3,5,4,19431,15302,2,0,13,3,3,0,21,3,2,6,0,1,3,0.2857142857142857,1.0103473377703827,0.16666666666666666,False,False,True,False,True,False,False,False,False,False,False,True,False,False,False,False,False,False,True
23,1,638,9,3,4,1,33,3,1,1,1790,26956,1,0,19,3,1,1,1,3,2,1,0,1,0,1.0,0.6704119850187266,1.0,True,False,False,True,False,True,False,False,False,False,False,False,False,False,False,False,True,True,False
36,0,557,3,3,1,0,94,2,3,4,7644,12695,0,0,19,3,3,2,10,2,3,9,7,3,4,0.9,0.7659318637274549,0.3333333333333333,False,True,False,True,False,False,True,False,False,False,False,False,False,False,False,True,False,True,False
36,0,688,4,2,4,0,97,3,2,2,5131,9192,7,0,13,3,2,3,18,3,3,4,2,0,2,0.2222222222222222,0.9608614232209738,0.0,True,False,True,False,True,False,False,False,False,False,False,False,True,False,False,False,False,False,False
56,0,667,1,4,3,1,57,3,2,3,6306,26236,1,0,21,4,1,1,13,2,2,13,12,1,9,1.0,1.1808988764044943,0.07692307692307693,False,False,True,False,True,False,False,False,False,False,False,False,False,False,False,False,False,False,False
29,1,1092,1,4,1,1,36,3,1,4,4787,26124,9,1,14,3,2,3,4,3,4,2,2,2,2,0.5,1.7928838951310861,1.0,False,True,True,False,False,False,True,False,False,False,False,False,False,False,True,False,False,True,False
42,0,300,2,3,1,1,56,3,5,3,18880,17312,5,0,11,3,1,0,24,2,2,22,6,4,14,0.9166666666666666,0.9816971713810316,0.18181818181818182,False,True,True,False,True,False,False,False,False,False,False,True,False,False,False,False,False,True,False
56,1,310,7,2,4,1,72,3,1,3,2339,3666,8,0,11,3,4,1,14,4,1,10,9,9,8,0.7142857142857143,0.8760299625468165,0.9,False,True,True,False,False,False,False,False,True,False,True,False,False,False,False,False,False,True,False
41,0,582,28,4,1,0,60,2,4,2,13570,5640,0,0,23,4,3,1,21,3,3,20,7,0,10,0.9523809523809523,0.8400396186702984,0.0,False,True,True,False,True,False,False,False,False,False,False,False,True,False,False,False,False,True,False
34,0,704,28,3,4,0,95,2,2,3,6712,8978,1,0,21,4,4,2,8,2,3,8,7,1,7,1.0,1.256928838951311,0.125,False,True,False,True,False,True,False,False,False,False,False,False,False,False,False,True,False,True,False
36,0,301,15,4,4,1,88,1,2,4,5406,10436,1,0,24,4,1,1,15,4,2,15,12,11,11,1.0,1.0123595505617977,0.7333333333333333,False,False,False,True,False,True,False,False,False,False,False,False,False,False,False,True,False,False,False
41,0,930,3,3,3,1,57,2,2,2,8938,12227,2,0,11,3,3,1,14,5,3,5,4,0,4,0.35714285714285715,1.6737827715355804,0.0,False,True,False,True,True,False,False,False,False,False,False,False,False,False,False,True,False,False,False
32,0,529,2,3,4,1,78,3,1,1,2439,11288,1,0,14,3,4,0,4,4,3,4,2,1,2,1.0,0.9134831460674158,0.25,False,True,True,False,False,False,False,False,True,False,False,False,False,False,True,False,False,False,True
35,0,1146,26,4,3,0,31,3,3,4,8837,16642,1,1,16,3,3,0,9,2,3,9,0,1,7,1.0,0.8854709418837675,0.1111111111111111,False,True,False,False,True,False,False,False,False,True,False,False,False,False,False,False,False,False,True
38,0,345,10,2,1,0,100,3,2,4,5343,5982,1,0,11,3,3,1,10,1,3,10,7,1,9,1.0,1.000561797752809,0.1,False,True,False,True,True,False,False,False,False,False,False,False,False,False,False,True,False,True,False
50,1,878,1,4,2,1,94,3,2,3,6728,14255,7,0,12,3,4,2,12,3,3,6,3,0,1,0.5,1.259925093632959,0.0,True,False,False,True,True,False,False,False,False,False,False,False,False,False,False,True,False,False,False
36,0,1120,11,4,2,0,100,2,2,4,6652,14369,4,0,13,3,1,1,8,2,2,6,3,0,0,0.75,1.245692883895131,0.0,False,True,False,True,False,True,False,False,False,False,False,False,False,False,False,True,False,True,False
45,0,374,20,3,4,0,50,3,2,3,4850,23333,8,0,15,3,3,0,8,3,3,5,3,0,1,0.625,0.9082397003745318,0.0,False,True,False,True,True,False,False,False,False,False,False,False,False,False,False,True,False,False,True
40,0,1322,2,4,3,1,52,2,1,3,2809,2725,2,0,14,3,4,0,8,2,3,2,2,2,2,0.25,1.0520599250936329,1.0,False,True,True,False,True,False,False,False,False,False,False,False,False,False,True,False,False,False,True
35,0,1199,18,4,3,1,80,3,2,3,5689,24594,1,1,14,3,4,2,10,2,4,10,2,0,2,1.0,1.0653558052434458,0.0,True,False,True,False,True,False,False,False,False,False,False,False,False,False,False,False,False,True,False
40,0,1194,2,4,3,0,98,3,1,3,2001,12549,2,0,14,3,2,3,20,2,3,5,3,0,2,0.25,0.749438202247191,0.0,False,True,True,False,False,False,True,False,False,False,False,False,False,False,True,False,False,True,False
35,0,287,1,4,3,0,62,1,1,4,2977,8952,1,0,12,3,4,1,4,5,3,4,3,1,1,1.0,1.1149812734082396,0.25,False,True,True,False,True,False,False,False,False,False,False,False,False,False,True,False,False,True,False
29,0,1378,13,2,4,1,46,2,2,2,4025,23679,4,1,13,3,1,1,10,2,3,4,3,0,3,0.4,0.7537453183520599,0.0,False,True,True,False,False,False,False,True,False,False,True,False,False,False,False,False,False,True,False
29,0,468,28,4,4,0,73,2,1,1,3785,8489,1,0,14,3,2,0,5,3,1,5,4,0,4,1.0,1.4176029962546817,0.0,False,True,True,False,False,False,True,False,False,False,False,False,False,False,True,False,False,False,True
50,1,410,28,3,4,1,39,2,3,1,10854,16586,4,1,13,3,2,1,20,3,3,3,2,2,0,0.15,1.0875751503006013,0.6666666666666666,False,True,False,True,False,True,False,False,False,False,False,False,False,False,False,True,False,False,False
39,0,722,24,1,2,0,60,2,4,4,12031,8828,0,0,11,3,1,1,21,2,2,20,9,9,6,0.9523809523809523,0.7447690974371672,0.45,False,True,False,True,False,True,False,False,False,False,False,False,False,False,False,True,False,True,False
31,0,325,5,3,2,1,74,3,2,1,9936,3787,0,0,19,3,2,0,10,2,3,9,4,1,7,0.9,1.8606741573033707,0.1111111111111111,False,False,True,False,False,False,True,False,False,False,False,False,True,False,False,False,False,False,True
26,0,1167,5,3,4,0,30,2,1,3,2966,21378,0,0,18,3,4,0,5,2,3,4,2,0,0,0.8,1.1108614232209737,0.0,False,True,False,True,False,False,False,True,False,False,False,False,False,False,False,False,True,False,True
36,0,884,23,2,3,1,41,4,2,4,2571,12290,4,0,17,3,3,1,17,3,3,5,2,0,3,0.29411764705882354,0.48146067415730337,0.0,True,False,True,False,False,False,True,False,False,False,True,False,False,False,False,False,False,True,False
39,0,613,6,1,4,1,42,2,3,1,9991,21457,4,0,15,3,1,1,9,5,3,7,7,1,7,0.7777777777777778,1.0011022044088176,0.14285714285714285,False,True,True,False,False,False,True,False,False,False,False,False,False,False,False,False,False,True,False
27,0,155,4,3,2,1,87,4,2,2,6142,5174,1,1,20,4,2,1,6,0,3,6,2,0,3,1.0,1.150187265917603,0.0,False,True,True,False,True,False,False,False,False,False,False,False,True,False,False,False,False,True,False
49,0,1023,2,3,4,1,63,2,2,2,5390,13243,2,0,14,3,4,0,17,3,2,9,6,0,8,0.5294117647058824,1.0093632958801497,0.0,True,False,False,True,False,False,True,False,False,False,False,False,False,False,False,True,False,True,False
34,0,628,8,3,2,1,82,4,2,3,4404,10228,2,0,12,3,1,0,6,3,4,4,3,1,2,0.6666666666666666,0.8247191011235955,0.25,False,True,True,False,False,False,True,False,False,False,True,False,False,False,False,False,False,True,False
